Mean data for UKR  Province= ,  from 1981 to 2024, weekly<br>for cropland area only<br>
year,week, SMN,SMT,VCI,TCI, VHI<br>
<tt><pre>1982, 1, 0.059,302.93, 71.13, 47.98, 59.55,
1982, 2, 0.058,302.49, 67.22, 51.39, 59.31,
1982, 3, 0.057,302.27, 62.09, 53.79, 57.94,
1982, 4, 0.055,301.73, 53.03, 62.19, 57.61,
1982, 5, 0.051,301.35, 41.43, 68.22, 54.83,
1982, 6, 0.048,300.85, 30.35, 77.05, 53.70,
1982, 7, 0.046,300.73, 20.66, 85.92, 53.29,
1982, 8, 0.044,301.34, 13.36, 89.24, 51.30,
1982, 9, 0.041,301.71,  7.17, 91.47, 49.32,
1982,10, 0.039,302.75,  5.08, 89.77, 47.42,
1982,11, 0.038,304.03,  4.02, 86.63, 45.32,
1982,12, 0.037,305.08,  2.86, 85.94, 44.40,
1982,13, 0.037,306.47,  2.26, 82.53, 42.39,
1982,14, 0.038,308.60,  2.37, 77.59, 39.98,
1982,15, 0.040,310.73,  5.35, 72.71, 39.03,
1982,16, 0.042,312.47, 11.25, 70.34, 40.80,
1982,17, 0.042,313.40, 11.04, 74.59, 42.82,
1982,18, 0.042,314.39, 12.19, 78.16, 45.17,
1982,19, 0.044,315.15, 16.09, 81.58, 48.83,
1982,20, 0.045,316.07, 20.32, 82.89, 51.60,
1982,21, 0.047,317.23, 25.69, 78.86, 52.27,
1982,22, 0.048,317.69, 29.13, 79.43, 54.28,
1982,23, 0.050,317.99, 36.63, 78.49, 57.56,
1982,24, 0.050,318.13, 43.20, 77.82, 60.51,
1982,25, 0.049,317.90, 45.90, 79.05, 62.48,
1982,26, 0.049,317.93, 50.04, 78.12, 64.08,
1982,27, 0.048,318.00, 54.26, 77.63, 65.95,
1982,28, 0.046,317.56, 56.57, 79.57, 68.07,
1982,29, 0.044,316.98, 55.40, 79.35, 67.37,
1982,30, 0.040,316.52, 50.87, 75.82, 63.34,
1982,31, 0.038,316.37, 48.14, 72.44, 60.29,
1982,32, 0.036,316.43, 47.96, 70.12, 59.04,
1982,33, 0.037,316.76, 47.52, 68.16, 57.84,
1982,34, 0.038,317.23, 46.63, 65.57, 56.10,
1982,35, 0.039,317.48, 43.68, 64.85, 54.26,
1982,36, 0.039,317.45, 38.48, 65.32, 51.90,
1982,37, 0.039,317.19, 33.18, 67.14, 50.16,
1982,38, 0.039,316.75, 27.48, 68.35, 47.91,
1982,39, 0.038,316.19, 22.69, 72.79, 47.74,
1982,40, 0.038,315.54, 18.12, 76.24, 47.18,
1982,41, 0.037,314.64, 13.51, 77.31, 45.41,
1982,42, 0.036,313.22,  7.69, 80.77, 44.23,
1982,43, 0.036,311.99,  8.21, 77.43, 42.82,
1982,44, 0.036,311.02, 10.91, 65.81, 38.36,
1982,45, 0.036,309.71, 13.34, 59.05, 36.19,
1982,46, 0.037,308.18, 15.60, 56.76, 36.18,
1982,47, 0.038,306.37, 19.88, 58.46, 39.17,
1982,48, 0.039,304.18, 24.25, 61.74, 42.99,
1982,49, 0.040,303.05, 29.06, 60.80, 44.93,
1982,50, 0.042,302.63, 31.07, 56.86, 43.97,
1982,51, 0.043,302.82, 32.08, 48.66, 40.37,
1982,52, 0.045,303.20, 34.16, 39.42, 36.79,
1983, 1, 0.047,303.40, 34.28, 39.10, 36.69,
1983, 2, 0.047,303.33, 32.01, 38.37, 35.19,
1983, 3, 0.047,302.38, 27.32, 50.44, 38.88,
1983, 4, 0.047,301.66, 26.38, 61.98, 44.18,
1983, 5, 0.048,301.60, 29.56, 65.90, 47.73,
1983, 6, 0.048,301.88, 29.95, 68.91, 49.43,
1983, 7, 0.047,302.17, 24.35, 75.68, 50.01,
1983, 8, 0.046,302.51, 20.85, 82.39, 51.62,
1983, 9, 0.046,303.11, 23.36, 84.09, 53.73,
1983,10, 0.047,303.65, 26.29, 86.73, 56.51,
1983,11, 0.047,304.33, 28.36, 88.10, 58.23,
1983,12, 0.048,305.83, 32.01, 84.57, 58.29,
1983,13, 0.049,307.11, 33.11, 81.88, 57.50,
1983,14, 0.050,308.30, 32.72, 83.33, 58.02,
1983,15, 0.049,309.56, 30.00, 83.69, 56.85,
1983,16, 0.048,310.42, 25.93, 85.56, 55.75,
1983,17, 0.046,311.38, 21.13, 87.43, 54.28,
1983,18, 0.044,312.58, 15.66, 87.71, 51.69,
1983,19, 0.042,313.79, 10.82, 86.75, 48.78,
1983,20, 0.041,315.06,  8.23, 86.79, 47.51,
1983,21, 0.042,316.22,  9.69, 84.81, 47.25,
1983,22, 0.043,317.30, 14.55, 81.37, 47.96,
1983,23, 0.044,317.34, 19.01, 83.44, 51.22,
1983,24, 0.044,317.23, 23.79, 85.87, 54.83,
1983,25, 0.044,317.28, 28.01, 85.24, 56.62,
1983,26, 0.043,317.43, 30.69, 82.90, 56.80,
1983,27, 0.041,317.81, 30.60, 78.79, 54.70,
1983,28, 0.038,317.08, 27.08, 82.72, 54.90,
1983,29, 0.032,315.98, 18.70, 85.34, 52.02,
1983,30, 0.026,314.37,  7.84, 87.76, 47.80,
1983,31, 0.022,313.44,  3.75, 89.20, 46.47,
1983,32, 0.020,313.09,  2.54, 91.06, 46.80,
1983,33, 0.021,313.42,  3.18, 92.52, 47.85,
1983,34, 0.023,314.05,  6.06, 91.47, 48.77,
1983,35, 0.027,314.55,  9.51, 90.94, 50.23,
1983,36, 0.030,314.75, 13.72, 91.19, 52.45,
1983,37, 0.034,314.62, 18.36, 93.86, 56.11,
1983,38, 0.039,314.17, 28.34, 96.56, 62.45,
1983,39, 0.043,314.57, 41.12, 92.84, 66.98,
1983,40, 0.046,314.94, 51.79, 84.68, 68.24,
1983,41, 0.048,314.28, 57.34, 82.66, 70.00,
1983,42, 0.049,313.86, 48.90, 71.28, 60.09,
1983,43, 0.050,313.60, 52.50, 53.83, 53.16,
1983,44, 0.051,312.79, 56.32, 41.94, 49.13,
1983,45, 0.051,311.71, 57.82, 34.17, 45.99,
1983,46, 0.051,310.46, 58.48, 30.14, 44.31,
1983,47, 0.051,309.00, 58.47, 29.47, 43.97,
1983,48, 0.050,307.73, 56.35, 25.52, 40.94,
1983,49, 0.050,306.84, 55.36, 23.13, 39.25,
1983,50, 0.051,306.46, 55.88, 17.79, 36.84,
1983,51, 0.053,306.18, 59.83, 13.55, 36.69,
1983,52, 0.056,305.88, 65.98, 11.26, 38.62,
1984, 1, 0.058,305.61, 69.82, 11.58, 40.70,
1984, 2, 0.060,305.37, 72.28, 12.98, 42.63,
1984, 3, 0.061,305.78, 76.21, 11.70, 43.95,
1984, 4, 0.062,306.24, 77.81, 14.41, 46.11,
1984, 5, 0.061,305.83, 75.85, 25.07, 50.46,
1984, 6, 0.060,306.18, 75.58, 29.07, 52.33,
1984, 7, 0.061,307.25, 73.23, 28.80, 51.01,
1984, 8, 0.060,307.64, 65.93, 34.93, 50.43,
1984, 9, 0.058,308.02, 59.16, 42.10, 50.63,
1984,10, 0.056,308.59, 53.31, 48.64, 50.97,
1984,11, 0.054,309.37, 47.77, 50.34, 49.06,
1984,12, 0.053,309.75, 43.23, 55.55, 49.39,
1984,13, 0.052,310.57, 41.46, 56.26, 48.86,
1984,14, 0.053,311.81, 41.87, 56.96, 49.42,
1984,15, 0.055,312.87, 43.79, 58.71, 51.25,
1984,16, 0.056,313.67, 49.26, 62.24, 55.75,
1984,17, 0.057,314.14, 50.98, 70.26, 60.62,
1984,18, 0.057,313.95, 51.75, 82.00, 66.88,
1984,19, 0.058,314.86, 56.23, 84.10, 70.17,
1984,20, 0.059,315.84, 58.66, 85.20, 71.93,
1984,21, 0.060,316.18, 60.81, 88.75, 74.78,
1984,22, 0.060,316.51, 62.76, 90.96, 76.86,
1984,23, 0.059,316.72, 64.53, 91.12, 77.83,
1984,24, 0.058,316.67, 66.51, 92.60, 79.55,
1984,25, 0.056,316.41, 68.53, 94.38, 81.45,
1984,26, 0.055,316.42, 70.86, 93.71, 82.29,
1984,27, 0.053,316.58, 70.72, 92.01, 81.37,
1984,28, 0.050,316.50, 70.23, 90.20, 80.22,
1984,29, 0.049,316.13, 70.59, 87.48, 79.04,
1984,30, 0.045,315.42, 66.00, 85.26, 75.63,
1984,31, 0.043,314.74, 63.45, 85.74, 74.59,
1984,32, 0.042,314.25, 62.70, 87.54, 75.12,
1984,33, 0.042,313.99, 61.52, 90.82, 76.17,
1984,34, 0.042,313.90, 58.12, 94.16, 76.14,
1984,35, 0.043,314.08, 54.74, 95.82, 75.28,
1984,36, 0.045,314.25, 53.52, 96.36, 74.94,
1984,37, 0.047,314.40, 56.09, 96.37, 76.23,
1984,38, 0.049,314.55, 61.81, 92.70, 77.26,
1984,39, 0.050,314.52, 64.99, 93.54, 79.27,
1984,40, 0.050,314.42, 64.19, 91.90, 78.05,
1984,41, 0.050,314.07, 64.68, 85.93, 75.31,
1984,42, 0.050,313.71, 50.52, 73.96, 62.24,
1984,43, 0.047,313.19, 43.85, 60.07, 51.96,
1984,44, 0.046,312.20, 40.64, 49.56, 45.10,
1984,45, 0.046,310.59, 42.50, 47.32, 44.91,
1984,46, 0.045,309.00, 39.62, 46.04, 42.83,
1984,47, 0.043,307.18, 34.82, 48.80, 41.81,
1984,48, 0.041,305.55, 29.08, 46.53, 37.80,
1984,49, 0.036,305.39, 17.82, 36.94, 27.38,
1984,50,-1.000, -1.00, -1.00, -1.00, -1.00,
1984,51,-1.000, -1.00, -1.00, -1.00, -1.00,
1984,52,-1.000, -1.00, -1.00, -1.00, -1.00,
1985, 1,-1.000, -1.00, -1.00, -1.00, -1.00,
1985, 2,-1.000, -1.00, -1.00, -1.00, -1.00,
1985, 3,-1.000, -1.00, -1.00, -1.00, -1.00,
1985, 4,-1.000, -1.00, -1.00, -1.00, -1.00,
1985, 5,-1.000, -1.00, -1.00, -1.00, -1.00,
1985, 6,-1.000, -1.00, -1.00, -1.00, -1.00,
1985, 7,-1.000, -1.00, -1.00, -1.00, -1.00,
1985, 8,-1.000, -1.00, -1.00, -1.00, -1.00,
1985, 9, 0.052,310.92, 40.05, 17.22, 28.64,
1985,10, 0.052,311.31, 40.20, 24.63, 32.42,
1985,11, 0.052,313.38, 40.92, 20.11, 30.51,
1985,12, 0.052,315.13, 41.50, 15.74, 28.62,
1985,13, 0.053,316.50, 42.94, 12.16, 27.55,
1985,14, 0.055,317.39, 44.87, 13.09, 28.98,
1985,15, 0.057,318.00, 50.04, 17.56, 33.80,
1985,16, 0.059,318.50, 54.81, 23.41, 39.11,
1985,17, 0.060,319.09, 58.32, 31.51, 44.91,
1985,18, 0.059,319.64, 58.58, 37.38, 47.98,
1985,19, 0.058,320.03, 56.52, 40.25, 48.39,
1985,20, 0.057,320.57, 53.74, 42.87, 48.31,
1985,21, 0.058,321.15, 55.20, 42.45, 48.83,
1985,22, 0.058,321.60, 56.35, 41.97, 49.16,
1985,23, 0.057,321.99, 56.78, 39.45, 48.11,
1985,24, 0.055,322.31, 56.62, 35.60, 46.11,
1985,25, 0.052,322.33, 53.40, 33.64, 43.52,
1985,26, 0.048,322.22, 48.37, 34.34, 41.35,
1985,27, 0.044,321.99, 40.52, 37.59, 39.05,
1985,28, 0.039,321.68, 32.37, 39.40, 35.88,
1985,29, 0.035,321.45, 27.72, 38.34, 33.03,
1985,30, 0.033,321.61, 28.62, 32.71, 30.67,
1985,31, 0.032,322.09, 32.02, 25.92, 28.97,
1985,32, 0.033,322.69, 36.44, 19.86, 28.15,
1985,33, 0.033,323.14, 37.27, 15.71, 26.49,
1985,34, 0.035,323.36, 36.47, 12.40, 24.44,
1985,35, 0.037,323.52, 36.10,  9.28, 22.69,
1985,36, 0.039,323.50, 35.43,  5.96, 20.69,
1985,37, 0.040,323.01, 34.54,  5.58, 20.06,
1985,38, 0.041,322.29, 36.29,  6.51, 21.40,
1985,39, 0.043,321.23, 38.09,  9.95, 24.02,
1985,40, 0.043,319.93, 37.50, 15.39, 26.45,
1985,41, 0.042,318.44, 33.18, 20.77, 26.97,
1985,42, 0.040,316.76, 19.45, 26.55, 23.00,
1985,43, 0.038,314.96, 14.47, 33.12, 23.80,
1985,44, 0.036,313.01, 10.13, 38.75, 24.44,
1985,45, 0.034,311.29,  7.36, 39.90, 23.63,
1985,46, 0.034,309.92,  7.76, 37.44, 22.60,
1985,47, 0.035,308.80, 11.46, 32.14, 21.80,
1985,48, 0.037,307.67, 16.39, 26.28, 21.34,
1985,49, 0.037,306.48, 19.35, 27.21, 23.28,
1985,50, 0.037,305.26, 18.81, 31.40, 25.10,
1985,51, 0.038,304.50, 17.98, 32.38, 25.18,
1985,52, 0.039,304.11, 16.95, 30.79, 23.87,
1986, 1, 0.040,303.76, 15.05, 34.99, 25.02,
1986, 2, 0.041,303.63, 13.93, 34.75, 24.34,
1986, 3, 0.042,303.69, 14.85, 35.38, 25.11,
1986, 4, 0.043,303.79, 17.20, 39.65, 28.43,
1986, 5, 0.043,303.97, 17.40, 43.33, 30.36,
1986, 6, 0.044,304.41, 18.65, 45.75, 32.20,
1986, 7, 0.045,305.24, 22.24, 47.17, 34.71,
1986, 8, 0.047,306.29, 25.89, 46.81, 36.35,
1986, 9, 0.048,307.40, 30.87, 46.83, 38.85,
1986,10, 0.048,308.39, 32.69, 49.82, 41.25,
1986,11, 0.048,309.47, 32.62, 49.04, 40.83,
1986,12, 0.047,310.84, 30.35, 46.74, 38.55,
1986,13, 0.047,312.46, 27.12, 41.58, 34.35,
1986,14, 0.046,314.02, 22.58, 39.13, 30.86,
1986,15, 0.046,315.69, 19.41, 36.50, 27.96,
1986,16, 0.045,317.22, 19.41, 34.41, 26.91,
1986,17, 0.046,318.75, 20.75, 34.99, 27.87,
1986,18, 0.046,320.48, 20.62, 31.56, 26.09,
1986,19, 0.046,322.04, 22.26, 23.53, 22.89,
1986,20, 0.047,323.17, 23.25, 19.14, 21.20,
1986,21, 0.047,323.70, 23.12, 18.17, 20.65,
1986,22, 0.046,323.47, 21.06, 23.15, 22.11,
1986,23, 0.044,322.70, 18.31, 31.38, 24.85,
1986,24, 0.041,321.93, 14.99, 38.60, 26.79,
1986,25, 0.039,321.23, 10.74, 44.61, 27.67,
1986,26, 0.037,321.21,  9.73, 44.44, 27.08,
1986,27, 0.035,321.82, 11.64, 39.01, 25.33,
1986,28, 0.034,322.22, 15.59, 33.76, 24.68,
1986,29, 0.033,322.48, 20.50, 28.18, 24.34,
1986,30, 0.031,322.46, 23.35, 24.42, 23.89,
1986,31, 0.030,322.51, 25.70, 21.50, 23.60,
1986,32, 0.029,322.44, 26.02, 21.26, 23.64,
1986,33, 0.028,322.57, 24.43, 20.01, 22.22,
1986,34, 0.029,322.61, 22.17, 18.61, 20.39,
1986,35, 0.032,322.33, 22.18, 19.77, 20.97,
1986,36, 0.034,321.98, 23.94, 20.48, 22.21,
1986,37, 0.036,321.50, 24.87, 21.21, 23.04,
1986,38, 0.038,320.55, 25.92, 25.61, 25.77,
1986,39, 0.040,319.76, 28.01, 28.20, 28.11,
1986,40, 0.040,318.87, 27.72, 30.09, 28.90,
1986,41, 0.040,317.41, 25.47, 36.13, 30.80,
1986,42, 0.040,315.40, 19.21, 48.00, 33.60,
1986,43, 0.039,313.47, 17.45, 55.77, 36.61,
1986,44, 0.038,311.83, 16.29, 55.79, 36.04,
1986,45, 0.036,310.20, 12.96, 54.94, 33.95,
1986,46, 0.034,308.44,  7.72, 56.56, 32.14,
1986,47, 0.032,306.65,  3.84, 59.43, 31.63,
1986,48, 0.032,305.10,  3.89, 56.71, 30.30,
1986,49, 0.033,303.71,  8.07, 57.69, 32.88,
1986,50, 0.034,303.01, 10.47, 55.21, 32.84,
1986,51, 0.037,302.80, 13.85, 49.86, 31.86,
1986,52, 0.039,302.83, 16.87, 43.84, 30.35,
1987, 1, 0.042,303.21, 19.96, 41.63, 30.79,
1987, 2, 0.045,303.62, 21.75, 34.91, 28.33,
1987, 3, 0.047,304.13, 27.78, 30.65, 29.22,
1987, 4, 0.051,305.17, 40.01, 25.48, 32.74,
1987, 5, 0.054,306.23, 51.64, 22.16, 36.90,
1987, 6, 0.056,306.97, 57.70, 23.11, 40.41,
1987, 7, 0.057,307.51, 59.30, 27.36, 43.33,
1987, 8, 0.058,308.31, 62.14, 29.48, 45.81,
1987, 9, 0.059,308.82, 62.40, 35.84, 49.12,
1987,10, 0.059,309.12, 61.52, 45.19, 53.36,
1987,11, 0.057,309.43, 58.31, 50.04, 54.18,
1987,12, 0.058,310.19, 57.68, 52.15, 54.91,
1987,13, 0.058,311.34, 55.21, 50.54, 52.87,
1987,14, 0.057,313.00, 50.95, 47.29, 49.12,
1987,15, 0.055,315.19, 46.07, 40.09, 43.08,
1987,16, 0.055,317.44, 44.92, 32.07, 38.50,
1987,17, 0.055,319.08, 46.56, 31.77, 39.17,
1987,18, 0.054,320.00, 43.97, 34.40, 39.19,
1987,19, 0.051,320.21, 36.48, 38.43, 37.46,
1987,20, 0.050,320.45, 31.52, 43.25, 37.39,
1987,21, 0.049,320.90, 30.47, 43.90, 37.19,
1987,22, 0.049,321.23, 29.16, 44.59, 36.87,
1987,23, 0.048,321.50, 31.31, 43.29, 37.30,
1987,24, 0.049,321.95, 36.85, 38.53, 37.69,
1987,25, 0.049,322.44, 44.03, 32.09, 38.06,
1987,26, 0.049,322.85, 49.58, 27.50, 38.54,
1987,27, 0.046,322.72, 48.59, 29.98, 39.28,
1987,28, 0.044,322.62, 48.33, 29.84, 39.08,
1987,29, 0.041,322.66, 45.92, 26.69, 36.31,
1987,30, 0.037,322.43, 41.97, 25.21, 33.59,
1987,31, 0.034,321.78, 37.06, 28.10, 32.58,
1987,32, 0.031,320.97, 33.25, 33.51, 33.38,
1987,33, 0.031,320.22, 31.24, 39.72, 35.48,
1987,34, 0.032,319.58, 28.90, 45.26, 37.08,
1987,35, 0.034,319.00, 28.46, 50.95, 39.70,
1987,36, 0.036,318.62, 30.50, 53.92, 42.21,
1987,37, 0.039,318.29, 32.13, 55.68, 43.91,
1987,38, 0.040,317.69, 34.18, 57.90, 46.04,
1987,39, 0.042,316.94, 35.41, 63.57, 49.49,
1987,40, 0.042,315.93, 36.55, 71.12, 53.84,
1987,41, 0.043,314.66, 38.34, 77.46, 57.90,
1987,42, 0.043,313.28, 29.56, 80.73, 55.14,
1987,43, 0.055,306.73, 62.89,  9.63, 36.26,
1987,44, 0.045,310.46, 36.27, 74.16, 55.21,
1987,45, 0.046,309.10, 40.84, 67.33, 54.08,
1987,46, 0.046,307.60, 43.47, 64.67, 54.07,
1987,47, 0.047,306.34, 45.36, 62.16, 53.76,
1987,48, 0.047,304.84, 46.44, 59.69, 53.06,
1987,49, 0.048,303.80, 49.30, 57.98, 53.64,
1987,50, 0.048,303.11, 47.96, 55.43, 51.70,
1987,51, 0.049,302.57, 47.38, 53.31, 50.35,
1987,52, 0.050,302.05, 48.14, 52.16, 50.15,
1988, 1, 0.052,301.43, 48.66, 62.26, 55.46,
1988, 2, 0.053,301.31, 50.23, 62.66, 56.45,
1988, 3, 0.053,301.64, 46.52, 58.33, 52.43,
1988, 4, 0.051,301.58, 39.80, 61.77, 50.79,
1988, 5, 0.051,301.59, 38.28, 64.46, 51.37,
1988, 6, 0.049,301.73, 33.70, 67.10, 50.40,
1988, 7, 0.049,302.24, 28.70, 70.27, 49.49,
1988, 8, 0.048,303.14, 24.43, 71.42, 47.93,
1988, 9, 0.049,304.17, 30.39, 70.60, 50.50,
1988,10, 0.053,305.42, 43.72, 69.99, 56.85,
1988,11, 0.055,307.02, 49.61, 65.74, 57.68,
1988,12, 0.054,308.43, 47.63, 63.37, 55.50,
1988,13, 0.053,309.07, 43.30, 65.08, 54.19,
1988,14, 0.051,309.68, 36.47, 70.00, 53.24,
1988,15, 0.051,311.05, 32.75, 69.36, 51.06,
1988,16, 0.050,312.80, 30.45, 65.46, 47.96,
1988,17, 0.050,314.13, 32.35, 67.80, 50.08,
1988,18, 0.052,315.18, 39.04, 71.43, 55.24,
1988,19, 0.055,315.93, 46.03, 74.37, 60.20,
1988,20, 0.056,316.37, 50.73, 79.45, 65.09,
1988,21, 0.057,316.84, 53.08, 81.57, 67.33,
1988,22, 0.057,316.86, 54.97, 85.09, 70.03,
1988,23, 0.056,316.46, 54.54, 89.07, 71.80,
1988,24, 0.054,316.86, 53.85, 88.15, 71.00,
1988,25, 0.051,316.76, 50.58, 87.01, 68.80,
1988,26, 0.046,315.81, 41.63, 90.77, 66.20,
1988,27, 0.042,315.14, 32.28, 92.68, 62.48,
1988,28, 0.037,314.51, 25.76, 91.88, 58.82,
1988,29, 0.033,314.24, 21.02, 88.10, 54.56,
1988,30, 0.029,314.16, 17.18, 81.88, 49.53,
1988,31, 0.027,314.44, 16.88, 77.38, 47.13,
1988,32, 0.026,314.88, 18.19, 75.99, 47.09,
1988,33, 0.025,315.42, 15.95, 75.00, 45.47,
1988,34, 0.025,316.00, 10.75, 73.71, 42.23,
1988,35, 0.026,315.95,  7.89, 77.13, 42.51,
1988,36, 0.027,316.04,  6.70, 78.08, 42.39,
1988,37, 0.029,316.63,  7.44, 72.67, 40.06,
1988,38, 0.032,316.54,  8.54, 70.46, 39.50,
1988,39, 0.033,316.20,  7.93, 72.53, 40.23,
1988,40, 0.034,316.09,  8.35, 68.65, 38.50,
1988,41, 0.035,315.61, 10.30, 62.88, 36.59,
1988,42, 0.036,315.14, 10.32, 51.90, 31.11,
1988,43, 0.037,314.65, 14.07, 38.26, 26.17,
1988,44, 0.040,313.84, 22.29, 27.56, 24.93,
1988,45, 0.043,312.63, 34.15, 23.07, 28.61,
1988,46, 0.048,311.24, 47.61, 21.74, 34.67,
1988,47, 0.051,309.57, 59.02, 23.79, 41.40,
1988,48, 0.054,308.30, 67.31, 20.02, 43.66,
1988,49, 0.055,307.20, 69.96, 20.36, 45.16,
1988,50, 0.057,306.23, 70.78, 21.54, 46.16,
1988,51, 0.057,305.30, 70.56, 24.10, 47.33,
1988,52, 0.058,304.54, 72.58, 26.27, 49.42,
1989, 1, 0.060,304.01, 73.37, 32.01, 52.69,
1989, 2, 0.060,303.85, 73.42, 32.20, 52.81,
1989, 3, 0.061,303.96, 73.18, 32.69, 52.94,
1989, 4, 0.061,304.12, 73.51, 36.55, 55.03,
1989, 5, 0.060,304.24, 72.98, 40.74, 56.86,
1989, 6, 0.060,304.72, 73.30, 42.85, 58.07,
1989, 7, 0.061,305.59, 72.11, 44.18, 58.15,
1989, 8, 0.061,306.88, 71.29, 42.14, 56.72,
1989, 9, 0.062,308.39, 69.77, 38.96, 54.37,
1989,10, 0.060,308.92, 66.16, 45.71, 55.93,
1989,11, 0.059,309.39, 62.68, 49.70, 56.19,
1989,12, 0.058,310.11, 58.42, 52.58, 55.50,
1989,13, 0.057,310.77, 52.85, 54.43, 53.64,
1989,14, 0.056,311.92, 48.77, 55.18, 51.98,
1989,15, 0.055,313.87, 45.64, 49.55, 47.59,
1989,16, 0.054,315.96, 42.95, 42.86, 42.90,
1989,17, 0.053,317.45, 41.62, 43.72, 42.67,
1989,18, 0.053,318.83, 43.37, 43.12, 43.25,
1989,19, 0.055,320.27, 48.18, 37.58, 42.88,
1989,20, 0.057,321.56, 52.47, 33.36, 42.92,
1989,21, 0.058,322.43, 55.34, 29.78, 42.56,
1989,22, 0.057,322.78, 55.67, 29.70, 42.69,
1989,23, 0.056,322.66, 55.84, 31.73, 43.78,
1989,24, 0.055,322.93, 57.34, 28.57, 42.95,
1989,25, 0.053,323.39, 57.73, 22.54, 40.13,
1989,26, 0.050,323.49, 55.39, 21.02, 38.20,
1989,27, 0.047,323.80, 51.37, 19.10, 35.23,
1989,28, 0.043,323.96, 44.31, 16.57, 30.44,
1989,29, 0.040,323.73, 42.13, 16.87, 29.50,
1989,30, 0.038,323.38, 43.42, 17.21, 30.31,
1989,31, 0.038,323.38, 48.60, 15.09, 31.85,
1989,32, 0.039,323.63, 53.35, 12.35, 32.85,
1989,33, 0.040,323.62, 54.32, 11.97, 33.15,
1989,34, 0.040,323.22, 49.33, 13.69, 31.51,
1989,35, 0.040,322.62, 44.71, 17.33, 31.02,
1989,36, 0.041,322.06, 42.00, 19.79, 30.90,
1989,37, 0.042,321.42, 41.71, 22.19, 31.95,
1989,38, 0.044,320.75, 44.58, 23.65, 34.11,
1989,39, 0.045,319.97, 46.06, 25.66, 35.86,
1989,40, 0.046,319.28, 49.91, 24.29, 37.10,
1989,41, 0.047,318.42, 53.04, 21.06, 37.05,
1989,42, 0.047,317.21, 40.69, 20.00, 30.34,
1989,43, 0.045,315.81, 37.00, 20.27, 28.64,
1989,44, 0.044,313.95, 35.71, 25.58, 30.65,
1989,45, 0.044,312.44, 36.36, 25.23, 30.80,
1989,46, 0.044,311.27, 38.18, 20.62, 29.40,
1989,47, 0.043,309.70, 35.76, 21.32, 28.54,
1989,48, 0.043,307.64, 34.65, 27.57, 31.11,
1989,49, 0.043,305.33, 36.49, 42.36, 39.43,
1989,50, 0.044,304.16, 35.90, 46.00, 40.95,
1989,51, 0.043,303.21, 32.32, 48.62, 40.47,
1989,52, 0.043,302.56, 27.00, 49.47, 38.24,
1990, 1, 0.044,302.23, 24.69, 55.79, 40.24,
1990, 2, 0.045,302.22, 24.93, 53.41, 39.17,
1990, 3, 0.046,302.19, 23.31, 53.30, 38.30,
1990, 4, 0.045,302.21, 18.34, 56.22, 37.28,
1990, 5, 0.044,302.33, 16.73, 59.13, 37.93,
1990, 6, 0.044,302.84, 15.69, 60.33, 38.01,
1990, 7, 0.045,304.15, 17.43, 57.54, 37.49,
1990, 8, 0.047,305.90, 22.10, 50.96, 36.53,
1990, 9, 0.051,307.75, 34.52, 44.15, 39.33,
1990,10, 0.068,320.22, 82.26, 31.89, 57.07,
1990,11, 0.054,311.24, 47.43, 35.60, 41.51,
1990,12, 0.054,312.88, 47.47, 31.32, 39.39,
1990,13, 0.055,314.38, 47.28, 26.64, 36.96,
1990,14, 0.055,315.69, 46.27, 25.66, 35.96,
1990,15, 0.056,316.95, 46.43, 26.02, 36.22,
1990,16, 0.056,318.26, 49.06, 25.56, 37.31,
1990,17, 0.057,319.54, 51.19, 28.08, 39.64,
1990,18, 0.057,320.70, 53.78, 28.90, 41.34,
1990,19, 0.058,321.74, 58.17, 25.61, 41.89,
1990,20, 0.060,323.11, 62.35, 19.99, 41.17,
1990,21, 0.061,324.21, 66.46, 13.53, 39.99,
1990,22, 0.062,324.87, 68.14,  9.80, 38.97,
1990,23, 0.060,324.92, 66.99,  9.77, 38.38,
1990,24, 0.058,324.81, 66.54,  9.59, 38.06,
1990,25, 0.056,324.60, 67.32, 10.09, 38.71,
1990,26, 0.054,324.42, 67.98, 11.73, 39.85,
1990,27, 0.052,324.31, 67.54, 14.21, 40.87,
1990,28, 0.050,323.97, 68.46, 16.82, 42.64,
1990,29, 0.049,323.51, 69.94, 19.25, 44.60,
1990,30, 0.047,323.16, 70.82, 19.38, 45.10,
1990,31, 0.046,322.72, 71.63, 20.68, 46.16,
1990,32, 0.045,322.17, 71.77, 24.18, 47.98,
1990,33, 0.045,321.63, 68.26, 28.35, 48.30,
1990,34, 0.045,321.39, 63.82, 29.67, 46.75,
1990,35, 0.046,321.34, 59.85, 29.41, 44.63,
1990,36, 0.047,321.13, 58.08, 29.20, 43.64,
1990,37, 0.048,320.69, 58.91, 30.13, 44.52,
1990,38, 0.049,320.11, 61.02, 30.77, 45.90,
1990,39, 0.050,319.60, 65.48, 30.32, 47.90,
1990,40, 0.052,318.82, 70.99, 31.10, 51.04,
1990,41, 0.052,317.70, 73.67, 32.29, 52.98,
1990,42, 0.053,316.64, 60.25, 29.23, 44.74,
1990,43, 0.054,315.83, 61.86, 20.80, 41.33,
1990,44, 0.054,314.69, 64.48, 16.33, 40.41,
1990,45, 0.054,313.07, 64.55, 17.86, 41.20,
1990,46, 0.053,311.57, 64.40, 17.55, 40.98,
1990,47, 0.054,310.26, 66.07, 14.98, 40.52,
1990,48, 0.053,309.07, 65.44, 11.03, 38.23,
1990,49, 0.053,307.97, 63.85, 12.40, 38.13,
1990,50, 0.054,307.01, 62.84, 14.12, 38.48,
1990,51, 0.054,306.23, 62.26, 15.37, 38.82,
1990,52, 0.055,305.60, 61.98, 16.80, 39.39,
1991, 1, 0.054,305.21, 55.52, 18.89, 37.21,
1991, 2, 0.052,304.83, 46.58, 21.68, 34.13,
1991, 3, 0.051,304.82, 41.42, 23.94, 32.68,
1991, 4, 0.052,305.08, 42.77, 27.35, 35.06,
1991, 5, 0.053,305.19, 46.19, 32.83, 39.51,
1991, 6, 0.054,304.94, 51.89, 41.78, 46.83,
1991, 7, 0.056,304.89, 57.23, 51.25, 54.24,
1991, 8, 0.059,305.35, 63.71, 56.51, 60.11,
1991, 9, 0.060,306.05, 65.49, 59.22, 62.35,
1991,10, 0.060,307.09, 66.17, 60.58, 63.38,
1991,11, 0.061,308.30, 67.93, 58.57, 63.25,
1991,12, 0.062,309.59, 68.97, 56.87, 62.92,
1991,13, 0.063,310.63, 67.70, 56.15, 61.93,
1991,14, 0.062,311.55, 65.04, 59.17, 62.11,
1991,15, 0.063,312.39, 66.29, 63.31, 64.80,
1991,16, 0.065,313.28, 71.52, 66.22, 68.87,
1991,17, 0.066,313.99, 75.51, 72.05, 73.78,
1991,18, 0.065,314.39, 75.79, 79.48, 77.63,
1991,19, 0.064,314.72, 74.24, 85.23, 79.74,
1991,20, 0.064,315.30, 74.28, 89.18, 81.73,
1991,21, 0.065,315.92, 76.43, 90.06, 83.24,
1991,22, 0.065,316.50, 78.42, 89.78, 84.10,
1991,23, 0.065,316.96, 80.24, 87.52, 83.88,
1991,24, 0.063,317.51, 82.26, 83.13, 82.69,
1991,25, 0.061,317.53, 83.45, 82.28, 82.86,
1991,26, 0.058,317.31, 82.48, 83.87, 83.17,
1991,27, 0.056,317.06, 80.97, 86.32, 83.65,
1991,28, 0.054,317.24, 81.30, 82.27, 81.78,
1991,29, 0.052,317.15, 81.38, 77.80, 79.59,
1991,30, 0.049,317.03, 77.77, 71.86, 74.82,
1991,31, 0.046,316.94, 73.27, 68.07, 70.67,
1991,32, 0.045,317.21, 70.57, 64.11, 67.34,
1991,33, 0.045,317.48, 68.95, 62.43, 65.69,
1991,34, 0.045,317.73, 66.74, 61.47, 64.10,
1991,35, 0.047,317.82, 63.93, 62.03, 62.98,
1991,36, 0.048,317.74, 61.95, 62.90, 62.43,
1991,37, 0.049,317.49, 62.05, 64.42, 63.24,
1991,38, 0.049,316.80, 62.96, 67.84, 65.40,
1991,39, 0.049,315.95, 61.36, 76.14, 68.75,
1991,40, 0.048,314.98, 58.94, 84.14, 71.54,
1991,41, 0.049,314.00, 58.36, 86.22, 72.29,
1991,42, 0.049,312.82, 47.49, 86.43, 66.96,
1991,43, 0.049,311.68, 47.20, 81.76, 64.48,
1991,44, 0.050,310.61, 51.52, 72.30, 61.91,
1991,45, 0.050,308.97, 54.59, 70.49, 62.54,
1991,46, 0.051,307.34, 57.48, 69.81, 63.65,
1991,47, 0.051,305.93, 58.92, 67.95, 63.44,
1991,48, 0.051,304.65, 58.64, 62.48, 60.56,
1991,49, 0.051,303.33, 58.03, 63.70, 60.86,
1991,50, 0.052,302.56, 58.30, 62.48, 60.39,
1991,51, 0.053,302.04, 58.91, 61.30, 60.11,
1991,52, 0.054,301.23, 60.13, 64.02, 62.07,
1992, 1, 0.055,300.24, 59.38, 80.25, 69.82,
1992, 2, 0.055,299.36, 56.40, 87.40, 71.90,
1992, 3, 0.053,298.40, 47.39, 93.49, 70.44,
1992, 4, 0.050,298.08, 36.78, 95.90, 66.34,
1992, 5, 0.050,298.01, 35.27, 96.48, 65.88,
1992, 6, 0.052,298.62, 42.37, 95.20, 68.79,
1992, 7, 0.056,300.19, 57.34, 91.50, 74.42,
1992, 8, 0.061,301.70, 68.61, 88.69, 78.65,
1992, 9, 0.064,302.76, 75.22, 86.63, 80.93,
1992,10, 0.064,303.35, 75.96, 88.72, 82.34,
1992,11, 0.063,304.19, 73.98, 88.53, 81.25,
1992,12, 0.063,304.92, 70.59, 90.37, 80.48,
1992,13, 0.063,305.73, 67.51, 91.67, 79.59,
1992,14, 0.064,307.34, 67.84, 90.84, 79.34,
1992,15, 0.065,309.01, 69.61, 89.17, 79.39,
1992,16, 0.065,310.66, 71.14, 86.34, 78.74,
1992,17, 0.064,312.45, 71.26, 83.22, 77.24,
1992,18, 0.063,314.02, 68.98, 81.40, 75.19,
1992,19, 0.062,315.83, 68.43, 75.29, 71.86,
1992,20, 0.063,317.74, 68.69, 67.31, 68.00,
1992,21, 0.063,319.36, 71.93, 58.15, 65.04,
1992,22, 0.065,320.38, 77.87, 52.85, 65.36,
1992,23, 0.065,320.84, 81.17, 49.74, 65.46,
1992,24, 0.064,320.76, 84.43, 50.54, 67.49,
1992,25, 0.062,319.75, 86.59, 59.66, 73.12,
1992,26, 0.060,319.19, 89.17, 64.89, 77.03,
1992,27, 0.059,319.19, 91.67, 65.70, 78.68,
1992,28, 0.058,318.58, 93.05, 70.08, 81.56,
1992,29, 0.056,318.05, 93.29, 70.26, 81.77,
1992,30, 0.055,317.63, 94.45, 66.94, 80.69,
1992,31, 0.054,317.56, 95.06, 63.18, 79.12,
1992,32, 0.054,317.74, 95.35, 60.01, 77.68,
1992,33, 0.055,318.17, 95.92, 56.86, 76.39,
1992,34, 0.057,318.76, 96.68, 52.48, 74.58,
1992,35, 0.060,319.20, 97.39, 49.16, 73.28,
1992,36, 0.061,319.08, 97.45, 49.39, 73.42,
1992,37, 0.061,318.72, 96.63, 50.96, 73.79,
1992,38, 0.059,317.74, 94.35, 57.40, 75.88,
1992,39, 0.058,316.93, 91.38, 63.79, 77.58,
1992,40, 0.057,316.02, 88.62, 69.66, 79.14,
1992,41, 0.056,314.75, 84.27, 75.35, 79.81,
1992,42, 0.055,313.67, 65.61, 73.50, 69.55,
1992,43, 0.055,312.64, 64.35, 66.90, 65.62,
1992,44, 0.054,311.74, 64.11, 54.56, 59.33,
1992,45, 0.053,310.77, 61.60, 44.28, 52.94,
1992,46, 0.052,309.11, 58.80, 43.06, 50.93,
1992,47, 0.051,307.39, 56.89, 44.71, 50.80,
1992,48, 0.050,305.21, 53.73, 51.24, 52.48,
1992,49, 0.048,303.03, 50.10, 62.25, 56.18,
1992,50, 0.047,301.38, 45.26, 69.70, 57.48,
1992,51, 0.047,299.88, 43.17, 77.06, 60.11,
1992,52, 0.049,298.84, 43.77, 82.13, 62.95,
1993, 1, 0.052,298.38, 48.85, 85.54, 67.19,
1993, 2, 0.055,298.04, 56.53, 88.75, 72.64,
1993, 3, 0.058,297.98, 63.02, 88.71, 75.87,
1993, 4, 0.059,297.89, 68.16, 90.34, 79.25,
1993, 5, 0.061,298.51, 73.37, 88.55, 80.96,
1993, 6, 0.061,299.59, 75.42, 85.36, 80.39,
1993, 7, 0.062,300.97, 76.46, 83.16, 79.81,
1993, 8, 0.064,302.27, 77.73, 82.20, 79.97,
1993, 9, 0.066,303.42, 81.72, 80.00, 80.86,
1993,10, 0.068,304.43, 85.06, 79.55, 82.31,
1993,11, 0.069,305.78, 87.73, 76.28, 82.00,
1993,12, 0.071,307.08, 88.95, 74.31, 81.63,
1993,13, 0.071,308.21, 86.74, 72.42, 79.58,
1993,14, 0.070,309.79, 84.59, 69.95, 77.27,
1993,15, 0.070,311.24, 83.28, 68.56, 75.92,
1993,16, 0.070,312.66, 83.86, 67.29, 75.57,
1993,17, 0.070,314.06, 85.38, 68.51, 76.95,
1993,18, 0.070,315.29, 86.64, 70.05, 78.34,
1993,19, 0.069,316.33, 85.98, 70.40, 78.19,
1993,20, 0.068,317.06, 84.16, 72.98, 78.57,
1993,21, 0.068,317.37, 84.01, 76.76, 80.39,
1993,22, 0.069,317.82, 86.83, 77.61, 82.22,
1993,23, 0.069,318.15, 90.01, 76.02, 83.01,
1993,24, 0.069,318.60, 94.12, 72.28, 83.20,
1993,25, 0.069,319.00, 96.41, 67.50, 81.96,
1993,26, 0.066,319.18, 96.50, 65.16, 80.83,
1993,27, 0.064,319.20, 95.56, 65.38, 80.47,
1993,28, 0.061,319.15, 95.17, 63.89, 79.53,
1993,29, 0.059,319.07, 95.31, 59.87, 77.59,
1993,30, 0.058,319.23, 95.62, 52.40, 74.01,
1993,31, 0.056,319.29, 94.79, 48.08, 71.43,
1993,32, 0.055,319.08, 93.17, 48.36, 70.77,
1993,33, 0.053,318.50, 88.69, 53.49, 71.09,
1993,34, 0.051,317.75, 79.56, 60.61, 70.09,
1993,35, 0.050,317.23, 72.32, 66.56, 69.44,
1993,36, 0.050,316.64, 67.83, 72.41, 70.12,
1993,37, 0.050,315.96, 65.93, 78.86, 72.39,
1993,38, 0.052,315.38, 71.67, 82.22, 76.95,
1993,39, 0.055,314.94, 80.87, 86.55, 83.71,
1993,40, 0.058,314.57, 88.08, 87.21, 87.65,
1993,41, 0.059,314.00, 90.21, 83.92, 87.06,
1993,42, 0.059,313.41, 76.11, 75.94, 76.02,
1993,43, 0.057,312.92, 71.85, 62.48, 67.17,
1993,44, 0.056,312.06, 68.20, 50.97, 59.59,
1993,45, 0.055,311.09, 65.76, 41.76, 53.76,
1993,46, 0.054,310.09, 64.47, 34.80, 49.63,
1993,47, 0.054,308.72, 66.52, 33.01, 49.76,
1993,48, 0.055,307.45, 68.52, 29.34, 48.93,
1993,49, 0.055,306.19, 67.87, 31.03, 49.45,
1993,50, 0.055,305.33, 64.02, 31.15, 47.58,
1993,51, 0.056,304.88, 65.46, 28.53, 47.00,
1993,52, 0.058,304.26, 69.00, 28.94, 48.97,
1994, 1, 0.060,303.63, 73.07, 35.69, 54.38,
1994, 2, 0.062,303.18, 77.17, 38.93, 58.05,
1994, 3, 0.064,303.49, 80.53, 37.04, 58.79,
1994, 4, 0.066,304.21, 84.78, 35.21, 59.99,
1994, 5, 0.067,304.95, 89.26, 34.39, 61.83,
1994, 6, 0.069,305.84, 92.18, 33.36, 62.77,
1994, 7, 0.070,306.65, 92.60, 34.54, 63.57,
1994, 8, 0.070,306.96, 91.73, 40.32, 66.03,
1994, 9, 0.069,306.89, 88.05, 50.48, 69.26,
1994,10, 0.068,307.26, 84.00, 57.74, 70.87,
1994,11, 0.065,308.42, 77.80, 56.05, 66.93,
1994,12, 0.064,309.16, 72.24, 57.89, 65.06,
1994,13, 0.063,309.66, 68.09, 60.45, 64.27,
1994,14, 0.062,309.94, 62.34, 67.61, 64.97,
1994,15, 0.061,310.60, 59.65, 72.74, 66.19,
1994,16, 0.060,311.37, 58.54, 76.95, 67.75,
1994,17, 0.062,312.03, 63.29, 83.48, 73.39,
1994,18, 0.064,312.63, 71.01, 88.85, 79.93,
1994,19, 0.065,312.94, 76.27, 92.18, 84.23,
1994,20, 0.066,312.75, 76.75, 95.48, 86.11,
1994,21, 0.066,312.41, 76.86, 97.74, 87.30,
1994,22, 0.065,311.73, 76.42, 98.90, 87.66,
1994,23, 0.064,311.68, 78.53, 99.22, 88.87,
1994,24, 0.062,311.71, 78.60, 99.69, 89.15,
1994,25, 0.060,310.69, 77.98, 99.93, 88.95,
1994,26, 0.056,308.68, 73.37, 99.96, 86.66,
1994,27, 0.050,307.00, 61.08, 99.97, 80.52,
1994,28, 0.046,306.58, 55.42, 99.93, 77.67,
1994,29, 0.043,305.71, 53.58, 99.57, 76.58,
1994,30, 0.041,305.34, 53.57, 98.29, 75.93,
1994,31, 0.040,305.23, 54.35, 97.27, 75.81,
1994,32, 0.039,305.79, 55.23, 97.17, 76.20,
1994,33, 0.039,306.48, 52.69, 98.55, 75.62,
1994,34, 0.039,306.71, 48.06, 99.48, 73.77,
1994,35, 0.039,306.58, 43.91, 99.82, 71.86,
1994,36, 0.040,305.89, 41.32, 99.85, 70.59,
1994,37,-1.000, -1.00, -1.00, -1.00, -1.00,
1994,38,-1.000, -1.00, -1.00, -1.00, -1.00,
1994,39,-1.000, -1.00, -1.00, -1.00, -1.00,
1994,40,-1.000, -1.00, -1.00, -1.00, -1.00,
1994,41,-1.000, -1.00, -1.00, -1.00, -1.00,
1994,42,-1.000, -1.00, -1.00, -1.00, -1.00,
1994,43,-1.000, -1.00, -1.00, -1.00, -1.00,
1994,44,-1.000, -1.00, -1.00, -1.00, -1.00,
1994,45,-1.000, -1.00, -1.00, -1.00, -1.00,
1994,46,-1.000, -1.00, -1.00, -1.00, -1.00,
1994,47,-1.000, -1.00, -1.00, -1.00, -1.00,
1994,48,-1.000, -1.00, -1.00, -1.00, -1.00,
1994,49,-1.000, -1.00, -1.00, -1.00, -1.00,
1994,50,-1.000, -1.00, -1.00, -1.00, -1.00,
1994,51,-1.000, -1.00, -1.00, -1.00, -1.00,
1994,52,-1.000, -1.00, -1.00, -1.00, -1.00,
1995, 1,-1.000, -1.00, -1.00, -1.00, -1.00,
1995, 2,-1.000, -1.00, -1.00, -1.00, -1.00,
1995, 3,-1.000, -1.00, -1.00, -1.00, -1.00,
1995, 4, 0.068,304.90, 89.89, 28.89, 59.39,
1995, 5, 0.067,305.38, 88.97, 30.56, 59.76,
1995, 6, 0.066,305.77, 88.38, 34.08, 61.23,
1995, 7, 0.066,306.39, 85.69, 37.56, 61.62,
1995, 8, 0.065,307.16, 81.89, 40.08, 60.99,
1995, 9, 0.065,307.99, 78.76, 42.84, 60.80,
1995,10, 0.065,309.05, 78.10, 45.42, 61.76,
1995,11, 0.065,310.35, 78.47, 42.91, 60.69,
1995,12, 0.066,311.88, 78.33, 39.33, 58.83,
1995,13, 0.066,313.27, 76.39, 35.46, 55.92,
1995,14, 0.066,314.63, 75.74, 34.29, 55.01,
1995,15, 0.065,315.84, 71.81, 34.98, 53.39,
1995,16, 0.064,317.17, 68.90, 34.28, 51.59,
1995,17, 0.062,318.07, 64.39, 39.79, 52.09,
1995,18, 0.061,319.36, 62.35, 39.97, 51.16,
1995,19, 0.061,320.89, 63.78, 33.23, 48.51,
1995,20, 0.061,321.94, 62.64, 30.70, 46.67,
1995,21, 0.060,322.45, 61.52, 30.29, 45.91,
1995,22, 0.059,322.59, 61.05, 32.23, 46.64,
1995,23, 0.058,322.41, 60.69, 35.03, 47.86,
1995,24, 0.058,322.75, 65.60, 30.93, 48.27,
1995,25, 0.057,323.14, 70.64, 25.36, 48.00,
1995,26, 0.054,322.73, 67.71, 29.11, 48.41,
1995,27, 0.049,322.24, 58.54, 34.93, 46.74,
1995,28, 0.043,321.67, 45.30, 39.16, 42.23,
1995,29, 0.037,321.29, 35.24, 39.31, 37.28,
1995,30, 0.033,320.97, 30.12, 37.37, 33.75,
1995,31, 0.030,320.81, 27.07, 35.60, 31.34,
1995,32, 0.029,321.16, 28.16, 31.86, 30.01,
1995,33, 0.029,321.49, 27.33, 29.29, 28.31,
1995,34, 0.030,321.72, 25.27, 26.68, 25.98,
1995,35, 0.032,321.65, 23.06, 26.45, 24.75,
1995,36, 0.033,321.21, 19.91, 28.38, 24.15,
1995,37, 0.035,321.26, 20.32, 24.24, 22.28,
1995,38, 0.036,321.11, 20.96, 19.62, 20.29,
1995,39, 0.036,320.23, 15.89, 22.45, 19.17,
1995,40, 0.037,319.25, 12.45, 25.10, 18.77,
1995,41, 0.037,318.23, 14.05, 24.04, 19.04,
1995,42, 0.038,317.00, 15.23, 22.51, 18.87,
1995,43, 0.039,315.38, 16.15, 25.42, 20.79,
1995,44, 0.039,313.68, 18.65, 27.69, 23.17,
1995,45, 0.040,312.14, 21.77, 27.06, 24.41,
1995,46, 0.039,310.30, 21.25, 29.79, 25.52,
1995,47, 0.038,308.06, 17.52, 36.89, 27.21,
1995,48, 0.036,305.45, 12.58, 45.78, 29.18,
1995,49, 0.033,302.52,  6.70, 61.29, 34.00,
1995,50, 0.032,300.54,  4.56, 71.67, 38.11,
1995,51, 0.034,299.77,  5.27, 73.43, 39.35,
1995,52, 0.037,299.61,  8.62, 73.03, 40.82,
1996, 1, 0.041,299.88, 13.89, 79.13, 46.51,
1996, 2, 0.044,300.52, 18.89, 71.29, 45.09,
1996, 3, 0.046,301.31, 21.79, 61.18, 41.48,
1996, 4, 0.047,301.77, 24.26, 59.09, 41.68,
1996, 5, 0.048,303.12, 29.04, 49.77, 39.40,
1996, 6, 0.049,304.68, 33.24, 42.12, 37.68,
1996, 7, 0.050,305.92, 32.92, 40.10, 36.51,
1996, 8, 0.049,306.52, 28.30, 44.07, 36.18,
1996, 9, 0.048,306.76, 26.37, 51.08, 38.73,
1996,10, 0.047,307.32, 25.27, 56.52, 40.90,
1996,11, 0.047,308.74, 27.11, 53.16, 40.13,
1996,12, 0.049,310.69, 33.39, 46.61, 40.00,
1996,13, 0.052,312.49, 38.48, 40.10, 39.29,
1996,14, 0.053,313.89, 40.23, 38.94, 39.59,
1996,15, 0.054,315.39, 41.21, 37.28, 39.25,
1996,16, 0.054,316.60, 41.48, 37.46, 39.47,
1996,17, 0.053,317.40, 39.17, 43.20, 41.18,
1996,18, 0.052,318.68, 37.84, 43.64, 40.74,
1996,19, 0.051,320.21, 36.03, 38.08, 37.06,
1996,20, 0.050,321.53, 31.30, 33.66, 32.48,
1996,21, 0.047,322.22, 23.39, 31.73, 27.56,
1996,22, 0.045,322.42, 17.54, 33.29, 25.42,
1996,23, 0.044,322.60, 17.24, 32.81, 25.03,
1996,24, 0.044,323.00, 23.09, 28.19, 25.64,
1996,25, 0.045,323.25, 29.51, 23.92, 26.72,
1996,26, 0.044,323.29, 33.83, 23.09, 28.46,
1996,27, 0.043,323.31, 35.64, 23.99, 29.81,
1996,28, 0.040,323.38, 35.63, 22.34, 28.98,
1996,29, 0.038,323.42, 37.64, 19.83, 28.73,
1996,30, 0.036,323.32, 38.56, 17.60, 28.08,
1996,31, 0.036,323.38, 42.23, 14.94, 28.59,
1996,32, 0.036,323.43, 44.84, 13.80, 29.32,
1996,33, 0.035,323.22, 42.12, 15.12, 28.62,
1996,34, 0.035,322.76, 36.97, 17.74, 27.36,
1996,35, 0.036,322.37, 32.76, 19.96, 26.36,
1996,36, 0.037,321.90, 31.03, 21.67, 26.35,
1996,37, 0.039,321.37, 31.94, 22.98, 27.46,
1996,38, 0.041,320.61, 34.60, 25.31, 29.95,
1996,39, 0.043,319.71, 39.63, 29.02, 34.32,
1996,40, 0.045,318.69, 43.64, 32.48, 38.06,
1996,41, 0.046,317.52, 48.06, 34.23, 41.14,
1996,42, 0.048,316.32, 44.23, 33.37, 38.80,
1996,43, 0.049,315.02, 48.00, 31.97, 39.98,
1996,44, 0.050,313.60, 50.81, 30.32, 40.56,
1996,45, 0.050,312.05, 51.46, 29.93, 40.69,
1996,46, 0.049,310.20, 50.78, 33.78, 42.28,
1996,47, 0.049,308.63, 52.20, 34.56, 43.38,
1996,48, 0.050,307.47, 53.07, 29.06, 41.06,
1996,49, 0.051,306.57, 56.74, 27.00, 41.87,
1996,50, 0.052,305.92, 57.95, 25.10, 41.52,
1996,51, 0.053,305.55, 56.57, 21.52, 39.05,
1996,52, 0.053,305.12, 54.98, 20.40, 37.69,
1997, 1, 0.054,304.62, 53.12, 24.66, 38.89,
1997, 2, 0.054,304.20, 51.69, 28.63, 40.16,
1997, 3, 0.054,303.19, 49.92, 42.49, 46.21,
1997, 4, 0.053,302.70, 45.20, 51.74, 48.47,
1997, 5, 0.053,303.27, 45.17, 50.66, 47.92,
1997, 6, 0.053,303.77, 45.72, 52.27, 48.99,
1997, 7, 0.053,304.67, 42.02, 52.74, 47.38,
1997, 8, 0.052,305.86, 38.28, 50.67, 44.48,
1997, 9, 0.052,307.00, 39.41, 48.98, 44.20,
1997,10, 0.054,307.72, 45.78, 53.66, 49.72,
1997,11, 0.056,308.33, 51.87, 56.44, 54.16,
1997,12, 0.057,309.31, 53.31, 57.01, 55.16,
1997,13, 0.058,310.86, 53.93, 52.55, 53.24,
1997,14, 0.059,312.86, 53.86, 46.99, 50.43,
1997,15, 0.059,315.19, 53.44, 38.93, 46.19,
1997,16, 0.058,316.51, 52.39, 38.63, 45.51,
1997,17, 0.057,318.09, 50.90, 38.71, 44.80,
1997,18, 0.058,319.71, 53.45, 36.74, 45.10,
1997,19, 0.059,320.62, 57.54, 35.42, 46.48,
1997,20, 0.059,321.26, 58.70, 36.43, 47.57,
1997,21, 0.060,321.96, 60.99, 34.66, 47.83,
1997,22, 0.060,322.28, 61.32, 34.95, 48.13,
1997,23, 0.059,322.42, 64.19, 34.70, 49.44,
1997,24, 0.059,322.38, 68.95, 34.64, 51.80,
1997,25, 0.058,321.97, 73.17, 37.27, 55.22,
1997,26, 0.056,321.64, 74.72, 40.27, 57.49,
1997,27, 0.053,321.21, 72.61, 45.45, 59.03,
1997,28, 0.051,320.79, 71.51, 48.08, 59.79,
1997,29, 0.049,320.62, 71.41, 46.02, 58.72,
1997,30, 0.047,320.68, 70.99, 40.63, 55.81,
1997,31, 0.046,320.85, 71.26, 36.12, 53.69,
1997,32, 0.046,321.15, 73.20, 32.50, 52.85,
1997,33, 0.046,321.49, 73.15, 29.65, 51.40,
1997,34, 0.047,321.92, 71.18, 25.25, 48.21,
1997,35, 0.048,322.14, 67.60, 22.15, 44.87,
1997,36, 0.049,322.05, 65.54, 20.45, 42.99,
1997,37, 0.050,321.58, 65.99, 20.96, 43.48,
1997,38, 0.051,320.70, 67.46, 24.29, 45.87,
1997,39, 0.050,319.56, 65.22, 30.59, 47.90,
1997,40, 0.049,318.08, 58.93, 39.91, 49.42,
1997,41, 0.047,315.86, 49.15, 55.50, 52.33,
1997,42, 0.044,313.12, 30.49, 74.94, 52.72,
1997,43, 0.040,310.36, 18.74, 90.33, 54.54,
1997,44, 0.038,307.73, 14.54, 96.23, 55.39,
1997,45, 0.037,305.46, 14.33, 97.16, 55.75,
1997,46, 0.038,303.63, 18.32, 96.52, 57.42,
1997,47, 0.041,302.62, 26.67, 93.15, 59.91,
1997,48, 0.044,301.84, 36.01, 85.09, 60.55,
1997,49, 0.046,301.10, 43.95, 81.46, 62.70,
1997,50, 0.048,300.50, 47.87, 79.23, 63.55,
1997,51, 0.051,300.17, 52.61, 76.53, 64.57,
1997,52, 0.055,299.84, 59.64, 75.26, 67.45,
1998, 1, 0.058,299.75, 66.18, 84.46, 75.32,
1998, 2, 0.059,299.71, 67.88, 83.02, 75.45,
1998, 3, 0.060,300.35, 70.60, 73.75, 72.18,
1998, 4, 0.062,301.67, 74.43, 62.05, 68.24,
1998, 5, 0.062,302.86, 76.23, 54.29, 65.26,
1998, 6, 0.062,303.94, 77.89, 50.48, 64.19,
1998, 7, 0.064,305.03, 82.71, 49.88, 66.30,
1998, 8, 0.067,306.00, 88.17, 50.66, 69.42,
1998, 9, 0.069,307.41, 90.77, 47.57, 69.17,
1998,10, 0.070,309.05, 91.03, 45.15, 68.09,
1998,11, 0.070,310.76, 91.32, 39.35, 65.33,
1998,12, 0.072,312.78, 92.66, 32.09, 62.37,
1998,13, 0.073,314.87, 93.54, 22.85, 58.20,
1998,14, 0.074,316.39, 93.05, 19.86, 56.45,
1998,15, 0.073,317.51, 91.30, 20.99, 56.14,
1998,16, 0.072,318.30, 90.06, 24.48, 57.27,
1998,17, 0.071,319.32, 88.60, 29.09, 58.84,
1998,18, 0.068,320.22, 82.26, 31.89, 57.07,
1998,19, 0.065,321.22, 75.50, 29.29, 52.40,
1998,20, 0.064,321.96, 70.87, 29.69, 50.28,
1998,21, 0.063,322.37, 68.46, 30.43, 49.44,
1998,22, 0.061,323.00, 66.25, 27.64, 46.94,
1998,23, 0.059,323.23, 64.14, 26.30, 45.22,
1998,24, 0.057,322.74, 63.07, 30.46, 46.76,
1998,25, 0.055,322.59, 63.77, 30.52, 47.15,
1998,26, 0.052,322.56, 61.75, 30.34, 46.05,
1998,27, 0.049,322.34, 57.77, 33.64, 45.70,
1998,28, 0.046,322.08, 55.35, 35.07, 45.21,
1998,29, 0.043,321.83, 53.27, 34.33, 43.80,
1998,30, 0.041,321.87, 52.53, 29.82, 41.18,
1998,31, 0.040,322.13, 53.46, 24.85, 39.15,
1998,32, 0.039,322.41, 55.95, 21.56, 38.75,
1998,33, 0.040,322.36, 54.77, 21.82, 38.29,
1998,34, 0.040,322.01, 51.49, 23.96, 37.73,
1998,35, 0.042,321.74, 49.41, 25.57, 37.49,
1998,36, 0.043,321.29, 48.52, 27.63, 38.08,
1998,37, 0.044,320.55, 48.96, 31.65, 40.31,
1998,38, 0.046,319.47, 51.35, 37.95, 44.65,
1998,39, 0.048,318.30, 56.95, 46.63, 51.79,
1998,40, 0.050,317.09, 64.52, 55.15, 59.84,
1998,41, 0.052,315.76, 72.50, 60.88, 66.69,
1998,42, 0.054,314.27, 64.22, 65.27, 64.74,
1998,43, 0.056,312.89, 67.99, 64.77, 66.38,
1998,44, 0.057,311.57, 72.72, 59.45, 66.08,
1998,45, 0.058,310.40, 76.24, 52.15, 64.20,
1998,46, 0.059,309.31, 79.43, 44.97, 62.20,
1998,47, 0.060,307.98, 82.15, 41.90, 62.03,
1998,48, 0.061,307.06, 85.23, 33.15, 59.19,
1998,49, 0.062,306.69, 86.30, 25.24, 55.77,
1998,50, 0.063,306.13, 84.13, 22.57, 53.35,
1998,51, 0.062,305.56, 82.05, 21.46, 51.75,
1998,52, 0.062,305.06, 79.44, 21.07, 50.26,
1999, 1, 0.061,304.79, 74.93, 22.48, 48.70,
1999, 2, 0.061,304.80, 74.02, 20.81, 47.41,
1999, 3, 0.062,304.84, 75.28, 22.87, 49.07,
1999, 4, 0.062,305.38, 76.14, 23.66, 49.90,
1999, 5, 0.062,306.08, 76.88, 24.12, 50.50,
1999, 6, 0.063,306.93, 78.24, 23.79, 51.01,
1999, 7, 0.063,307.57, 78.41, 26.89, 52.65,
1999, 8, 0.064,307.72, 77.01, 34.71, 55.86,
1999, 9, 0.065,308.24, 77.98, 40.50, 59.24,
1999,10, 0.067,309.56, 82.91, 41.50, 62.20,
1999,11, 0.069,310.97, 87.08, 38.25, 62.67,
1999,12, 0.071,312.76, 90.16, 32.67, 61.42,
1999,13, 0.072,314.45, 90.96, 26.46, 58.71,
1999,14, 0.073,315.87, 90.96, 24.42, 57.69,
1999,15, 0.073,317.23, 91.73, 23.74, 57.73,
1999,16, 0.074,318.45, 92.93, 23.74, 58.34,
1999,17, 0.073,319.60, 93.70, 27.29, 60.50,
1999,18, 0.073,320.52, 94.63, 30.12, 62.38,
1999,19, 0.072,321.39, 95.17, 28.60, 61.89,
1999,20, 0.072,322.07, 94.72, 29.28, 62.00,
1999,21, 0.072,322.49, 94.75, 29.54, 62.15,
1999,22, 0.071,322.75, 93.92, 30.42, 62.17,
1999,23, 0.069,323.06, 92.94, 28.65, 60.79,
1999,24, 0.067,323.01, 91.39, 28.35, 59.87,
1999,25, 0.063,322.43, 87.78, 32.54, 60.16,
1999,26, 0.058,321.76, 81.55, 38.96, 60.26,
1999,27, 0.054,321.21, 75.32, 45.20, 60.26,
1999,28, 0.051,321.11, 73.26, 44.68, 58.97,
1999,29, 0.050,320.98, 74.28, 42.35, 58.32,
1999,30, 0.048,320.82, 74.47, 39.22, 56.85,
1999,31, 0.046,320.68, 73.52, 37.40, 55.46,
1999,32, 0.045,320.63, 70.29, 36.60, 53.44,
1999,33, 0.044,320.45, 65.61, 38.01, 51.81,
1999,34, 0.043,320.06, 58.57, 41.11, 49.84,
1999,35, 0.042,319.44, 50.22, 46.87, 48.54,
1999,36, 0.042,318.74, 44.01, 52.76, 48.39,
1999,37, 0.042,317.93, 41.40, 59.41, 50.40,
1999,38, 0.043,317.01, 40.34, 65.54, 52.94,
1999,39, 0.043,316.07, 38.71, 74.54, 56.62,
1999,40, 0.044,315.30, 39.69, 79.76, 59.72,
1999,41, 0.045,314.70, 42.54, 76.79, 59.66,
1999,42, 0.046,314.12, 36.48, 67.92, 52.20,
1999,43, 0.045,313.41, 34.79, 57.19, 45.99,
1999,44, 0.044,312.48, 34.19, 47.03, 40.61,
1999,45, 0.044,311.26, 32.96, 40.86, 36.91,
1999,46, 0.043,309.84, 32.52, 38.25, 35.38,
1999,47, 0.043,308.69, 33.33, 33.20, 33.26,
1999,48, 0.043,307.50, 33.89, 28.16, 31.03,
1999,49, 0.044,306.64, 37.25, 25.69, 31.47,
1999,50, 0.046,306.15, 39.53, 21.65, 30.59,
1999,51, 0.046,305.60, 37.58, 20.00, 28.79,
1999,52, 0.046,305.19, 32.98, 18.23, 25.61,
2000, 1, 0.046,304.64, 28.54, 24.14, 26.34,
2000, 2, 0.046,304.46, 25.95, 25.02, 25.49,
2000, 3, 0.046,304.44, 22.89, 27.53, 25.21,
2000, 4, 0.047,304.31, 24.20, 34.40, 29.30,
2000, 5, 0.049,304.38, 31.01, 39.14, 35.07,
2000, 6, 0.052,304.72, 38.48, 42.56, 40.52,
2000, 7, 0.053,305.42, 41.22, 45.07, 43.14,
2000, 8, 0.054,306.57, 44.64, 44.35, 44.50,
2000, 9, 0.056,307.44, 49.22, 46.63, 47.93,
2000,10, 0.057,308.37, 52.80, 50.07, 51.44,
2000,11, 0.056,309.17, 52.31, 51.55, 51.93,
2000,12, 0.055,310.05, 49.37, 52.94, 51.15,
2000,13, 0.055,311.25, 45.47, 51.03, 48.25,
2000,14, 0.053,312.72, 40.51, 49.71, 45.11,
2000,15, 0.052,314.56, 34.06, 45.77, 39.92,
2000,16, 0.049,316.00, 27.39, 44.33, 35.86,
2000,17, 0.047,316.82, 24.70, 50.07, 37.39,
2000,18, 0.047,317.39, 23.32, 55.96, 39.64,
2000,19, 0.047,317.84, 23.12, 59.65, 41.38,
2000,20, 0.047,318.13, 22.23, 65.05, 43.64,
2000,21, 0.047,318.65, 22.44, 65.90, 44.17,
2000,22, 0.046,318.93, 20.74, 67.55, 44.15,
2000,23, 0.044,319.04, 17.51, 68.27, 42.89,
2000,24, 0.041,318.92, 13.04, 69.95, 41.50,
2000,25, 0.037,318.66,  6.95, 71.36, 39.16,
2000,26, 0.031,318.40,  2.95, 73.38, 38.16,
2000,27, 0.028,318.39,  1.72, 73.60, 37.66,
2000,28, 0.025,318.60,  1.58, 69.29, 35.44,
2000,29, 0.023,318.57,  2.03, 64.33, 33.18,
2000,30, 0.021,318.17,  2.60, 60.98, 31.79,
2000,31, 0.019,317.80,  3.58, 59.84, 31.71,
2000,32, 0.018,317.37,  4.33, 61.53, 32.93,
2000,33, 0.017,316.75,  3.41, 67.18, 35.29,
2000,34, 0.016,316.05,  2.07, 74.56, 38.32,
2000,35, 0.017,315.37,  1.55, 82.90, 42.23,
2000,36, 0.018,314.80,  1.39, 89.54, 45.47,
2000,37, 0.019,314.40,  0.98, 93.66, 47.32,
2000,38, 0.019,314.02,  0.69, 94.34, 47.52,
2000,39, 0.021,313.92,  0.85, 94.92, 47.88,
2000,40, 0.024,314.23,  1.41, 90.60, 46.01,
2000,41, 0.027,314.36,  2.59, 80.87, 41.73,
2000,42, 0.030,313.86,  4.22, 71.69, 37.95,
2000,43, 0.030,312.58,  4.45, 69.49, 36.97,
2000,44, 0.030,311.26,  4.64, 63.88, 34.26,
2000,45, 0.030,310.38,  4.74, 52.65, 28.69,
2000,46, 0.031,308.79,  5.39, 51.94, 28.67,
2000,47, 0.032,307.01,  6.99, 54.36, 30.67,
2000,48, 0.034,305.60, 10.41, 50.56, 30.48,
2000,49, 0.036,304.35, 15.96, 51.44, 33.70,
2000,50, 0.039,303.51, 20.03, 51.46, 35.74,
2000,51, 0.042,302.92, 24.13, 51.19, 37.66,
2000,52, 0.045,302.77, 28.59, 46.95, 37.77,
2001, 1, 0.049,303.34, 35.78, 41.84, 38.81,
2001, 2, 0.053,304.01, 43.66, 31.07, 37.37,
2001, 3, 0.056,304.76, 52.54, 24.02, 38.28,
2001, 4, 0.058,304.82, 55.62, 29.44, 42.53,
2001, 5, 0.059,305.38, 60.39, 30.21, 45.30,
2001, 6, 0.060,306.65, 65.46, 25.82, 45.64,
2001, 7, 0.062,307.68, 68.81, 25.47, 47.14,
2001, 8, 0.061,308.47, 64.67, 27.44, 46.06,
2001, 9, 0.061,309.36, 62.67, 30.55, 46.61,
2001,10, 0.061,310.28, 63.02, 35.48, 49.25,
2001,11, 0.062,311.54, 64.70, 33.55, 49.13,
2001,12, 0.063,313.03, 67.49, 30.39, 48.94,
2001,13, 0.066,314.85, 71.27, 23.43, 47.35,
2001,14, 0.068,317.00, 74.25, 15.77, 45.01,
2001,15, 0.068,318.43, 75.61, 14.10, 44.86,
2001,16, 0.068,319.87, 75.07, 12.21, 43.64,
2001,17, 0.067,320.67, 73.63, 18.23, 45.93,
2001,18, 0.066,321.36, 73.99, 22.98, 48.48,
2001,19, 0.066,322.20, 74.73, 21.83, 48.28,
2001,20, 0.066,323.03, 74.69, 20.69, 47.69,
2001,21, 0.065,323.34, 72.61, 21.80, 47.20,
2001,22, 0.063,323.34, 69.85, 24.71, 47.28,
2001,23, 0.060,322.96, 65.43, 29.36, 47.39,
2001,24, 0.056,322.60, 59.55, 32.14, 45.85,
2001,25, 0.053,322.32, 55.24, 33.50, 44.37,
2001,26, 0.050,322.22, 51.53, 34.22, 42.88,
2001,27, 0.045,322.15, 44.25, 35.66, 39.95,
2001,28, 0.041,321.70, 36.08, 38.88, 37.48,
2001,29, 0.037,321.67, 32.28, 35.86, 34.07,
2001,30, 0.034,321.88, 30.91, 29.72, 30.32,
2001,31, 0.032,322.37, 31.70, 23.02, 27.36,
2001,32, 0.032,323.02, 34.20, 16.99, 25.59,
2001,33, 0.033,323.44, 35.03, 13.44, 24.23,
2001,34, 0.034,323.37, 32.33, 12.51, 22.42,
2001,35, 0.035,323.31, 29.53, 11.39, 20.46,
2001,36, 0.035,322.62, 24.40, 14.51, 19.46,
2001,37, 0.036,321.99, 21.58, 16.35, 18.97,
2001,38, 0.037,321.33, 20.92, 17.28, 19.10,
2001,39, 0.040,320.73, 25.03, 16.35, 20.69,
2001,40, 0.043,319.99, 32.98, 14.92, 23.95,
2001,41, 0.045,319.01, 40.82, 12.84, 26.83,
2001,42, 0.047,317.97, 39.82,  8.63, 24.23,
2001,43, 0.048,316.68, 42.87,  7.29, 25.08,
2001,44, 0.048,315.26, 45.20,  7.40, 26.30,
2001,45, 0.048,313.74, 45.28,  8.25, 26.77,
2001,46, 0.046,311.87, 40.25, 11.59, 25.92,
2001,47, 0.043,309.99, 31.06, 14.41, 22.74,
2001,48, 0.041,308.64, 25.28, 10.94, 18.11,
2001,49, 0.040,307.76, 24.12,  8.58, 16.35,
2001,50, 0.039,306.95, 21.12,  7.96, 14.54,
2001,51, 0.040,306.09, 18.92,  9.76, 14.34,
2001,52, 0.041,305.41, 17.03, 12.68, 14.85,
2002, 1, 0.043,304.93, 17.84, 17.63, 17.74,
2002, 2, 0.046,304.55, 21.74, 22.35, 22.04,
2002, 3, 0.048,304.05, 25.90, 31.07, 28.48,
2002, 4, 0.052,304.24, 35.84, 35.01, 35.43,
2002, 5, 0.054,305.11, 45.25, 32.76, 39.01,
2002, 6, 0.055,305.36, 47.66, 37.14, 42.40,
2002, 7, 0.054,305.80, 43.40, 41.83, 42.61,
2002, 8, 0.053,306.55, 36.40, 44.91, 40.65,
2002, 9, 0.052,307.81, 34.46, 43.94, 39.20,
2002,10, 0.052,309.81, 37.28, 39.27, 38.28,
2002,11, 0.052,311.22, 35.52, 35.96, 35.74,
2002,12, 0.051,312.88, 35.35, 31.51, 33.43,
2002,13, 0.051,314.46, 34.81, 26.21, 30.51,
2002,14, 0.052,316.46, 35.15, 19.70, 27.43,
2002,15, 0.053,318.67, 36.23, 12.40, 24.31,
2002,16, 0.055,320.61, 41.16,  6.81, 23.98,
2002,17, 0.058,322.82, 49.34,  3.00, 26.17,
2002,18, 0.060,324.25, 56.97,  2.02, 29.49,
2002,19, 0.060,324.61, 56.47,  2.18, 29.32,
2002,20, 0.059,324.98, 52.46,  3.99, 28.22,
2002,21, 0.057,324.86, 48.51,  8.24, 28.37,
2002,22, 0.055,324.66, 42.86, 12.41, 27.63,
2002,23, 0.053,324.67, 42.31, 12.90, 27.61,
2002,24, 0.052,324.48, 42.95, 13.57, 28.26,
2002,25, 0.049,324.47, 42.29, 11.71, 27.00,
2002,26, 0.048,324.68, 45.22,  9.19, 27.21,
2002,27, 0.047,325.11, 49.16,  6.45, 27.81,
2002,28, 0.046,325.22, 52.28,  5.22, 28.75,
2002,29, 0.045,325.22, 57.11,  4.54, 30.83,
2002,30, 0.044,325.15, 60.71,  3.76, 32.24,
2002,31, 0.043,324.85, 63.13,  4.62, 33.88,
2002,32, 0.042,324.54, 62.86,  6.35, 34.60,
2002,33, 0.042,324.23, 59.56,  8.09, 33.83,
2002,34, 0.041,323.79, 53.02,  9.78, 31.40,
2002,35, 0.041,323.37, 45.92, 11.46, 28.69,
2002,36, 0.041,322.77, 40.96, 13.69, 27.33,
2002,37, 0.041,321.93, 37.32, 17.63, 27.48,
2002,38, 0.042,321.39, 36.62, 17.22, 26.92,
2002,39, 0.043,321.20, 38.54, 10.96, 24.75,
2002,40, 0.045,320.35, 40.31, 10.18, 25.25,
2002,41, 0.045,319.05, 40.41, 11.93, 26.17,
2002,42, 0.044,317.52, 31.52, 14.81, 23.16,
2002,43, 0.044,315.69, 28.88, 21.50, 25.19,
2002,44, 0.043,313.89, 29.90, 26.33, 28.11,
2002,45, 0.044,312.34, 31.83, 26.64, 29.23,
2002,46, 0.044,310.78, 32.84, 26.57, 29.70,
2002,47, 0.044,309.41, 34.59, 24.46, 29.53,
2002,48, 0.045,308.07, 37.54, 21.24, 29.39,
2002,49, 0.045,306.76, 39.43, 23.85, 31.64,
2002,50, 0.046,305.55, 38.53, 27.19, 32.86,
2002,51, 0.048,305.03, 41.02, 25.76, 33.39,
2002,52, 0.050,305.04, 44.34, 20.43, 32.39,
2003, 1, 0.052,304.93, 46.29, 20.14, 33.21,
2003, 2, 0.054,304.92, 48.58, 19.19, 33.88,
2003, 3, 0.055,305.49, 48.86, 15.75, 32.31,
2003, 4, 0.055,305.93, 47.19, 18.14, 32.67,
2003, 5, 0.054,306.35, 44.92, 21.34, 33.13,
2003, 6, 0.053,307.14, 40.34, 21.59, 30.96,
2003, 7, 0.053,308.27, 39.58, 20.84, 30.21,
2003, 8, 0.053,309.50, 38.04, 19.90, 28.97,
2003, 9,-1.000, -1.00, -1.00, -1.00, -1.00,
2003,10, 0.051,310.29, 35.35, 35.04, 35.19,
2003,11, 0.051,312.00, 35.97, 29.94, 32.95,
2003,12, 0.051,313.23, 34.79, 28.44, 31.62,
2003,13, 0.050,314.55, 31.12, 24.87, 28.00,
2003,14, 0.049,315.93, 26.24, 22.34, 24.29,
2003,15, 0.051,318.09, 30.53, 15.85, 23.19,
2003,16, 0.052,319.76, 33.21, 12.72, 22.97,
2003,17, 0.052,320.57, 33.73, 19.50, 26.61,
2003,18, 0.050,320.82, 30.05, 27.69, 28.87,
2003,19, 0.051,321.37, 31.42, 28.62, 30.02,
2003,20, 0.052,322.51, 35.79, 25.68, 30.74,
2003,21, 0.054,323.38, 40.37, 21.63, 31.00,
2003,22, 0.054,322.74, 41.21, 30.35, 35.78,
2003,23, 0.053,322.82, 44.45, 30.68, 37.56,
2003,24, 0.052,323.01, 45.72, 28.19, 36.95,
2003,25, 0.048,322.16, 39.52, 34.96, 37.24,
2003,26, 0.044,321.39, 30.64, 41.85, 36.24,
2003,27, 0.038,319.78, 19.82, 56.07, 37.95,
2003,28, 0.034,318.17, 15.28, 64.86, 40.07,
2003,29, 0.031,316.78, 13.94, 68.12, 41.03,
2003,30, 0.029,316.71, 16.58, 63.30, 39.94,
2003,31, 0.029,317.61, 21.07, 56.17, 38.62,
2003,32, 0.030,319.49, 29.15, 43.80, 36.48,
2003,33, 0.032,321.05, 33.47, 32.82, 33.14,
2003,34, 0.033,321.90, 31.41, 25.52, 28.47,
2003,35, 0.034,321.51, 29.09, 28.15, 28.62,
2003,36, 0.036,321.39, 27.91, 26.88, 27.39,
2003,37, 0.037,320.93, 25.40, 27.77, 26.58,
2003,38, 0.038,320.48, 24.64, 26.80, 25.72,
2003,39, 0.039,319.94, 23.84, 26.27, 25.05,
2003,40, 0.040,318.71, 24.00, 32.69, 28.35,
2003,41, 0.041,317.53, 27.69, 34.43, 31.06,
2003,42, 0.042,316.27, 24.34, 33.74, 29.04,
2003,43, 0.041,314.58, 23.49, 38.03, 30.76,
2003,44, 0.041,312.98, 24.93, 39.00, 31.97,
2003,45, 0.041,311.07, 25.25, 41.85, 33.55,
2003,46, 0.040,308.93, 22.14, 46.89, 34.51,
2003,47, 0.038,307.19, 18.78, 46.89, 32.83,
2003,48, 0.038,305.64, 19.32, 42.79, 31.05,
2003,49, 0.039,304.76, 23.17, 39.50, 31.34,
2003,50, 0.039,304.27, 21.38, 37.10, 29.24,
2003,51, 0.038,304.04, 16.55, 33.69, 25.12,
2003,52, 0.038,304.03, 10.97, 29.08, 20.02,
2004, 1, 0.037,304.02,  7.72, 28.28, 18.00,
2004, 2,-1.000, -1.00, -1.00, -1.00, -1.00,
2004, 3,-1.000, -1.00, -1.00, -1.00, -1.00,
2004, 4,-1.000, -1.00, -1.00, -1.00, -1.00,
2004, 5, 0.044,307.32, 13.98, 11.79, 12.88,
2004, 6, 0.048,308.90, 24.16,  7.77, 15.97,
2004, 7, 0.052,310.39, 37.46,  5.72, 21.59,
2004, 8, 0.056,311.71, 49.28,  4.48, 26.88,
2004, 9, 0.060,312.81, 59.07,  5.84, 32.46,
2004,10, 0.061,313.64, 63.08, 11.63, 37.35,
2004,11,-1.000, -1.00, -1.00, -1.00, -1.00,
2004,12,-1.000, -1.00, -1.00, -1.00, -1.00,
2004,13,-1.000, -1.00, -1.00, -1.00, -1.00,
2004,14,-1.000, -1.00, -1.00, -1.00, -1.00,
2004,15,-1.000, -1.00, -1.00, -1.00, -1.00,
2004,16,-1.000, -1.00, -1.00, -1.00, -1.00,
2004,17,-1.000, -1.00, -1.00, -1.00, -1.00,
2004,18,-1.000, -1.00, -1.00, -1.00, -1.00,
2004,19,-1.000, -1.00, -1.00, -1.00, -1.00,
2004,20,-1.000, -1.00, -1.00, -1.00, -1.00,
2004,21,-1.000, -1.00, -1.00, -1.00, -1.00,
2004,22,-1.000, -1.00, -1.00, -1.00, -1.00,
2004,23,-1.000, -1.00, -1.00, -1.00, -1.00,
2004,24,-1.000, -1.00, -1.00, -1.00, -1.00,
2004,25, 0.050,321.44, 46.45, 43.35, 44.90,
2004,26, 0.049,321.81, 49.65, 38.96, 44.31,
2004,27, 0.047,321.73, 49.63, 40.76, 45.20,
2004,28, 0.044,321.71, 48.30, 39.47, 43.89,
2004,29,-1.000, -1.00, -1.00, -1.00, -1.00,
2004,30, 0.039,321.46, 45.79, 33.76, 39.77,
2004,31, 0.037,321.37, 43.70, 31.66, 37.68,
2004,32, 0.035,321.32, 41.75, 30.94, 36.34,
2004,33, 0.034,321.36, 39.04, 30.47, 34.76,
2004,34, 0.034,321.21, 33.75, 31.12, 32.44,
2004,35, 0.035,321.08, 29.58, 31.62, 30.60,
2004,36, 0.036,320.84, 27.08, 31.90, 29.49,
2004,37, 0.037,320.51, 27.47, 32.00, 29.73,
2004,38, 0.040,319.85, 30.17, 33.78, 31.97,
2004,39, 0.042,319.17, 34.81, 35.81, 35.31,
2004,40, 0.044,318.63, 39.42, 33.69, 36.56,
2004,41, 0.045,317.86, 42.51, 29.68, 36.09,
2004,42, 0.046,316.55, 36.23, 30.29, 33.26,
2004,43, 0.046,315.10, 35.27, 30.88, 33.08,
2004,44, 0.045,313.72, 34.65, 28.70, 31.67,
2004,45, 0.043,312.04, 31.91, 30.06, 30.98,
2004,46, 0.043,310.58, 30.55, 28.62, 29.59,
2004,47, 0.042,309.03, 29.70, 28.66, 29.18,
2004,48, 0.041,307.07, 27.80, 32.19, 29.99,
2004,49, 0.041,305.18, 29.24, 40.61, 34.93,
2004,50, 0.042,303.38, 29.81, 51.12, 40.46,
2004,51, 0.044,302.13, 31.45, 57.54, 44.50,
2004,52, 0.046,301.00, 32.60, 64.10, 48.35,
2005, 1, 0.047,300.53, 33.10, 74.78, 53.94,
2005, 2, 0.050,300.77, 38.35, 70.63, 54.49,
2005, 3, 0.052,300.70, 40.27, 69.95, 55.11,
2005, 4, 0.052,301.16, 38.99, 66.98, 52.99,
2005, 5, 0.052,302.18, 38.64, 60.16, 49.40,
2005, 6, 0.051,303.31, 36.94, 55.46, 46.20,
2005, 7, 0.051,304.83, 34.41, 50.56, 42.48,
2005, 8, 0.050,306.27, 29.00, 46.78, 37.89,
2005, 9, 0.049,307.69, 25.81, 43.81, 34.81,
2005,10, 0.049,309.26, 28.78, 42.75, 35.77,
2005,11, 0.050,311.08, 32.53, 36.89, 34.71,
2005,12, 0.052,312.88, 36.85, 31.42, 34.13,
2005,13, 0.053,314.20, 38.92, 28.00, 33.46,
2005,14, 0.053,315.50, 38.43, 26.84, 32.64,
2005,15, 0.055,317.13, 40.92, 23.88, 32.40,
2005,16, 0.056,318.32, 43.50, 24.26, 33.88,
2005,17,-1.000, -1.00, -1.00, -1.00, -1.00,
2005,18, 0.056,320.20, 47.17, 32.30, 39.73,
2005,19, 0.057,320.59, 50.05, 34.85, 42.45,
2005,20, 0.061,321.94, 62.64, 30.70, 46.67,
2005,21, 0.058,321.05, 54.46, 42.72, 48.59,
2005,22, 0.059,321.19, 56.95, 45.00, 50.98,
2005,23, 0.060,321.26, 63.00, 45.66, 54.33,
2005,24, 0.060,321.33, 68.78, 44.90, 56.84,
2005,25, 0.058,320.97, 71.69, 47.43, 59.56,
2005,26, 0.055,320.12, 68.09, 55.81, 61.95,
2005,27, 0.049,319.51, 57.56, 62.50, 60.03,
2005,28, 0.045,319.49, 50.61, 60.76, 55.68,
2005,29, 0.043,319.90, 50.83, 52.44, 51.63,
2005,30, 0.041,320.80, 50.99, 39.26, 45.13,
2005,31, 0.041,321.56, 55.35, 29.99, 42.67,
2005,32, 0.040,321.90, 57.08, 26.07, 41.58,
2005,33, 0.040,321.94, 53.93, 25.75, 39.84,
2005,34, 0.040,322.03, 48.38, 24.25, 36.32,
2005,35, 0.041,322.05, 45.29, 23.05, 34.17,
2005,36, 0.042,321.77, 44.82, 23.06, 33.94,
2005,37, 0.045,321.32, 48.25, 23.68, 35.96,
2005,38, 0.047,320.64, 53.15, 25.12, 39.13,
2005,39, 0.049,320.07, 58.76, 24.69, 41.72,
2005,40, 0.051,319.34, 63.27, 23.75, 43.51,
2005,41, 0.052,318.34, 65.97, 22.30, 44.14,
2005,42, 0.053,317.15, 58.19, 20.75, 39.47,
2005,43, 0.054,315.83, 59.20, 19.72, 39.46,
2005,44, 0.053,314.54, 60.30, 17.69, 39.00,
2005,45, 0.053,313.20, 59.07, 15.92, 37.49,
2005,46, 0.052,311.71, 58.44, 15.60, 37.02,
2005,47, 0.052,310.25, 59.97, 14.73, 37.35,
2005,48, 0.053,309.10, 61.95, 10.24, 36.09,
2005,49, 0.054,308.16, 63.64,  9.89, 36.76,
2005,50, 0.055,307.44, 63.63,  9.14, 36.39,
2005,51, 0.055,306.73, 62.89,  9.63, 36.26,
2005,52, 0.055,305.70, 60.49, 14.07, 37.28,
2006, 1, 0.055,304.68, 55.75, 23.47, 39.61,
2006, 2, 0.055,304.56, 54.35, 23.50, 38.92,
2006, 3, 0.056,304.89, 53.50, 21.54, 37.52,
2006, 4, 0.054,305.21, 46.45, 23.79, 35.12,
2006, 5, 0.054,305.87, 44.21, 23.27, 33.74,
2006, 6, 0.054,306.89, 44.12, 21.11, 32.62,
2006, 7, 0.054,307.91, 41.24, 20.87, 31.05,
2006, 8, 0.054,309.28, 39.55, 18.38, 28.96,
2006, 9, 0.056,310.78, 46.02, 17.93, 31.97,
2006,10, 0.059,312.03, 57.07, 21.73, 39.40,
2006,11, 0.060,313.31, 60.88, 20.01, 40.44,
2006,12, 0.059,314.61, 58.26, 17.92, 38.09,
2006,13, 0.058,315.31, 51.48, 18.66, 35.07,
2006,14, 0.056,316.03, 45.57, 21.61, 33.59,
2006,15, 0.055,317.40, 42.09, 20.30, 31.19,
2006,16, 0.054,318.68, 38.28, 19.90, 29.09,
2006,17, 0.051,319.59, 33.20, 26.38, 29.79,
2006,18, 0.050,320.45, 30.19, 30.39, 30.29,
2006,19, 0.050,321.25, 28.42, 29.92, 29.17,
2006,20, 0.048,321.57, 23.86, 33.60, 28.73,
2006,21, 0.047,322.04, 21.62, 33.57, 27.60,
2006,22, 0.048,322.73, 23.26, 30.57, 26.92,
2006,23, 0.047,322.93, 26.23, 29.71, 27.97,
2006,24, 0.047,322.68, 29.22, 31.58, 30.40,
2006,25, 0.045,322.30, 29.99, 33.88, 31.94,
2006,26, 0.043,321.58, 29.30, 40.97, 35.14,
2006,27, 0.041,320.87, 29.20, 48.94, 39.07,
2006,28, 0.039,320.40, 29.99, 52.02, 41.01,
2006,29, 0.036,320.08, 28.75, 50.92, 39.83,
2006,30, 0.033,319.81, 26.57, 47.70, 37.13,
2006,31, 0.031,319.83, 26.49, 44.10, 35.30,
2006,32, 0.029,319.77, 25.82, 43.40, 34.61,
2006,33, 0.029,319.78, 22.72, 43.56, 33.14,
2006,34, 0.028,319.68, 15.71, 44.42, 30.07,
2006,35, 0.029,319.95, 13.26, 42.16, 27.71,
2006,36, 0.031,320.03, 12.55, 39.90, 26.22,
2006,37, 0.033,319.84, 13.10, 39.07, 26.08,
2006,38, 0.035,319.41, 14.02, 38.67, 26.35,
2006,39, 0.038,318.93, 16.91, 38.84, 27.88,
2006,40, 0.040,318.17, 21.45, 40.46, 30.96,
2006,41, 0.041,317.12, 24.46, 40.95, 32.71,
2006,42, 0.042,316.03, 24.72, 38.32, 31.52,
2006,43, 0.043,314.95, 26.59, 34.02, 30.30,
2006,44, 0.043,313.41, 27.46, 33.87, 30.67,
2006,45, 0.043,311.80, 30.12, 33.92, 32.02,
2006,46, 0.043,309.59, 30.60, 41.12, 35.86,
2006,47, 0.043,306.69, 30.78, 57.14, 43.96,
2006,48, 0.043,304.27, 30.59, 64.88, 47.73,
2006,49, 0.044,302.43, 34.89, 71.58, 53.24,
2006,50, 0.046,301.23, 39.48, 75.54, 57.51,
2006,51, 0.048,300.59, 42.46, 75.55, 59.00,
2006,52, 0.050,300.51, 44.51, 70.93, 57.72,
2007, 1, 0.052,300.87, 46.54, 72.87, 59.70,
2007, 2, 0.054,301.33, 48.80, 64.43, 56.62,
2007, 3, 0.056,302.38, 54.77, 51.29, 53.03,
2007, 4, 0.058,303.77, 58.19, 40.52, 49.36,
2007, 5, 0.059,305.10, 61.61, 33.01, 47.31,
2007, 6, 0.060,306.28, 66.56, 29.31, 47.94,
2007, 7, 0.061,307.24, 66.67, 29.74, 48.21,
2007, 8, 0.061,308.03, 62.40, 31.87, 47.14,
2007, 9, 0.060,309.04, 59.59, 33.77, 46.68,
2007,10, 0.060,310.19, 59.04, 36.74, 47.89,
2007,11, 0.059,311.47, 55.36, 34.76, 45.06,
2007,12, 0.057,312.80, 51.45, 32.82, 42.14,
2007,13, 0.056,314.38, 46.28, 27.40, 36.84,
2007,14, 0.054,316.09, 40.16, 23.00, 31.58,
2007,15, 0.052,317.91, 33.48, 18.22, 25.85,
2007,16, 0.051,319.46, 30.80, 15.49, 23.15,
2007,17, 0.051,320.84, 32.09, 17.74, 24.91,
2007,18, 0.051,321.81, 31.97, 20.35, 26.16,
2007,19, 0.050,322.12, 28.77, 23.05, 25.91,
2007,20, 0.048,322.42, 24.39, 26.66, 25.52,
2007,21, 0.046,322.39, 19.17, 30.70, 24.93,
2007,22, 0.045,322.09, 15.32, 36.89, 26.11,
2007,23, 0.043,321.70, 12.00, 42.05, 27.02,
2007,24, 0.040,321.19, 10.01, 46.81, 28.41,
2007,25, 0.040,320.81, 11.93, 49.25, 30.59,
2007,26, 0.039,320.57, 15.20, 51.22, 33.21,
2007,27, 0.038,320.40, 18.63, 53.44, 36.04,
2007,28, 0.037,320.72, 24.77, 48.57, 36.67,
2007,29, 0.036,321.20, 30.46, 40.51, 35.48,
2007,30, 0.035,321.70, 34.15, 31.95, 33.05,
2007,31, 0.034,322.43, 36.59, 23.44, 30.02,
2007,32, 0.034,322.83, 38.76, 19.40, 29.08,
2007,33, 0.035,323.24, 39.47, 15.91, 27.69,
2007,34, 0.036,323.24, 36.99, 14.34, 25.66,
2007,35, 0.037,322.86, 35.27, 15.95, 25.61,
2007,36, 0.039,322.46, 34.75, 16.70, 25.72,
2007,37, 0.042,322.12, 40.70, 15.48, 28.09,
2007,38, 0.047,321.66, 54.13, 14.00, 34.06,
2007,39, 0.051,320.98, 64.36, 13.60, 38.98,
2007,40, 0.053,320.14, 71.65, 13.07, 42.36,
2007,41, 0.055,319.07, 79.52, 11.83, 45.68,
2007,42, 0.057,317.82, 69.66, 10.64, 40.15,
2007,43, 0.058,316.53, 71.68,  9.24, 40.46,
2007,44, 0.058,315.44, 73.88,  5.12, 39.50,
2007,45, 0.059,314.21, 76.75,  2.70, 39.72,
2007,46, 0.058,312.77, 76.37,  2.32, 39.35,
2007,47, 0.057,311.24, 73.86,  2.78, 38.32,
2007,48, 0.056,309.40, 70.08,  6.94, 38.51,
2007,49, 0.054,307.70, 63.15, 14.69, 38.92,
2007,50, 0.053,306.39, 60.05, 19.85, 39.95,
2007,51, 0.054,305.18, 60.42, 26.23, 43.32,
2007,52, 0.055,303.73, 58.41, 36.35, 47.38,
2008, 1, 0.055,302.54, 57.06, 51.41, 54.23,
2008, 2, 0.057,301.56, 58.78, 61.37, 60.07,
2008, 3, 0.058,301.24, 61.01, 64.05, 62.53,
2008, 4, 0.060,301.79, 66.10, 61.02, 63.56,
2008, 5, 0.062,303.10, 72.90, 51.97, 62.44,
2008, 6, 0.064,305.17, 82.69, 38.89, 60.79,
2008, 7, 0.066,307.89, 86.71, 22.98, 54.84,
2008, 8, 0.068,309.87, 86.85, 14.31, 50.58,
2008, 9, 0.069,311.78, 87.32, 10.14, 48.73,
2008,10, 0.069,313.86, 86.99,  8.08, 47.54,
2008,11, 0.069,315.60, 85.93,  3.51, 44.72,
2008,12, 0.068,316.84, 81.68,  2.45, 42.07,
2008,13, 0.066,317.56, 73.59,  3.07, 38.33,
2008,14, 0.065,318.34, 69.35,  5.10, 37.23,
2008,15, 0.064,319.16, 66.83,  7.94, 37.38,
2008,16, 0.062,319.84, 62.73, 11.79, 37.26,
2008,17, 0.061,320.38, 60.17, 20.56, 40.36,
2008,18, 0.059,320.93, 56.31, 26.49, 41.40,
2008,19, 0.057,321.64, 50.95, 26.22, 38.58,
2008,20, 0.054,321.87, 40.98, 31.05, 36.02,
2008,21, 0.051,321.11, 31.69, 42.03, 36.86,
2008,22, 0.049,321.03, 28.42, 46.68, 37.55,
2008,23, 0.049,321.41, 30.66, 44.79, 37.72,
2008,24, 0.047,321.25, 31.40, 46.35, 38.88,
2008,25, 0.044,320.72, 28.50, 50.45, 39.48,
2008,26, 0.042,320.83, 27.92, 48.91, 38.41,
2008,27, 0.042,321.33, 31.43, 44.63, 38.03,
2008,28, 0.040,321.55, 33.78, 40.96, 37.37,
2008,29, 0.037,321.22, 32.80, 40.69, 36.74,
2008,30, 0.034,320.62, 30.51, 41.17, 35.84,
2008,31, 0.031,320.44, 28.88, 39.33, 34.10,
2008,32, 0.031,320.66, 30.08, 36.34, 33.21,
2008,33, 0.030,320.75, 28.27, 35.66, 31.96,
2008,34, 0.030,320.92, 23.74, 33.80, 28.77,
2008,35, 0.032,321.32, 22.21, 29.71, 25.96,
2008,36, 0.034,321.63, 22.83, 24.49, 23.66,
2008,37, 0.036,321.32, 23.75, 23.60, 23.68,
2008,38, 0.038,320.67, 23.38, 24.76, 24.07,
2008,39, 0.040,320.21, 27.30, 22.84, 25.07,
2008,40, 0.044,319.59, 35.22, 20.28, 27.75,
2008,41, 0.046,318.58, 42.99, 18.69, 30.84,
2008,42, 0.047,317.24, 40.29, 18.96, 29.63,
2008,43, 0.048,315.73, 43.66, 21.00, 32.33,
2008,44, 0.050,313.89, 49.82, 26.34, 38.08,
2008,45, 0.052,311.95, 57.80, 31.49, 44.64,
2008,46, 0.053,310.25, 62.34, 33.28, 47.81,
2008,47, 0.054,308.53, 66.05, 35.99, 51.02,
2008,48, 0.057,307.07, 73.94, 34.61, 54.28,
2008,49, 0.061,305.84, 82.27, 36.50, 59.38,
2008,50, 0.064,304.99, 86.77, 36.82, 61.80,
2008,51, 0.065,303.98, 89.96, 40.61, 65.29,
2008,52, 0.066,303.00, 91.95, 45.67, 68.81,
2009, 1, 0.067,302.48, 93.58, 54.33, 73.95,
2009, 2, 0.067,302.27, 93.28, 54.59, 73.94,
2009, 3, 0.067,302.29, 91.83, 53.80, 72.81,
2009, 4, 0.067,302.96, 89.68, 50.11, 69.89,
2009, 5, 0.066,304.01, 87.11, 44.37, 65.74,
2009, 6, 0.064,305.07, 83.53, 41.11, 62.32,
2009, 7, 0.063,306.25, 75.13, 39.35, 57.24,
2009, 8, 0.061,307.46, 64.67, 37.48, 51.07,
2009, 9, 0.060,308.79, 60.80, 36.15, 48.48,
2009,10, 0.060,310.06, 59.40, 37.86, 48.63,
2009,11, 0.058,311.10, 53.50, 37.48, 45.49,
2009,12, 0.055,312.23, 45.39, 36.85, 41.12,
2009,13, 0.053,313.55, 39.90, 33.63, 36.76,
2009,14, 0.053,314.81, 37.46, 33.15, 35.30,
2009,15, 0.054,316.25, 38.75, 32.04, 35.39,
2009,16, 0.055,317.64, 43.04, 30.92, 36.98,
2009,17, 0.056,319.26, 45.98, 30.71, 38.35,
2009,18, 0.056,320.82, 47.71, 28.41, 38.06,
2009,19, 0.057,322.13, 50.93, 22.69, 36.81,
2009,20, 0.058,323.28, 52.22, 18.66, 35.44,
2009,21, 0.058,324.17, 51.69, 14.29, 32.99,
2009,22, 0.057,324.42, 50.59, 15.01, 32.80,
2009,23, 0.056,324.57, 50.69, 14.40, 32.54,
2009,24, 0.053,324.55, 48.52, 13.07, 30.79,
2009,25, 0.049,323.92, 42.56, 17.49, 30.02,
2009,26, 0.046,322.98, 37.52, 26.77, 32.15,
2009,27, 0.043,322.13, 33.90, 36.58, 35.24,
2009,28, 0.040,321.55, 34.43, 41.11, 37.77,
2009,29, 0.037,320.78, 34.06, 45.03, 39.55,
2009,30, 0.035,320.35, 34.23, 44.22, 39.23,
2009,31, 0.034,320.22, 34.76, 41.91, 38.34,
2009,32, 0.033,320.57, 37.45, 37.69, 37.57,
2009,33, 0.034,320.85, 37.58, 35.30, 36.44,
2009,34, 0.035,321.01, 35.04, 33.50, 34.27,
2009,35, 0.036,320.87, 34.06, 34.04, 34.05,
2009,36, 0.039,321.12, 35.96, 29.54, 32.75,
2009,37, 0.042,321.25, 39.28, 24.56, 31.92,
2009,38, 0.044,320.95, 45.62, 21.77, 33.70,
2009,39, 0.047,320.36, 52.80, 21.15, 36.97,
2009,40, 0.049,319.41, 57.56, 22.89, 40.22,
2009,41, 0.050,318.37, 60.34, 21.87, 41.10,
2009,42, 0.050,317.03, 50.73, 22.39, 36.56,
2009,43, 0.050,315.50, 49.52, 24.43, 36.97,
2009,44, 0.050,314.10, 49.04, 23.52, 36.28,
2009,45, 0.048,312.63, 46.47, 22.53, 34.50,
2009,46, 0.048,310.95, 45.63, 23.91, 34.77,
2009,47, 0.048,309.20, 46.10, 26.31, 36.21,
2009,48, 0.048,307.39, 46.61, 28.23, 37.42,
2009,49, 0.048,305.83, 46.52, 33.20, 39.86,
2009,50, 0.049,304.83, 47.04, 35.08, 41.06,
2009,51, 0.051,304.39, 51.87, 32.80, 42.33,
2009,52, 0.055,304.56, 59.32, 25.59, 42.45,
2010, 1, 0.051,305.33, 41.77, 15.98, 28.87,
2010, 2, 0.052,305.84, 43.72, 10.28, 27.00,
2010, 3, 0.053,306.22, 44.55,  9.35, 26.95,
2010, 4, 0.055,306.92, 47.38,  9.34, 28.36,
2010, 5, 0.056,308.00, 52.36,  8.00, 30.18,
2010, 6, 0.056,308.83, 52.30,  8.94, 30.62,
2010, 7, 0.057,309.85, 53.80,  9.39, 31.59,
2010, 8, 0.058,310.85, 53.64,  9.56, 31.60,
2010, 9, 0.058,312.06, 52.09, 10.07, 31.08,
2010,10, 0.057,313.54, 52.14, 11.66, 31.90,
2010,11, 0.056,314.07, 47.62, 14.84, 31.23,
2010,12, 0.054,314.74, 44.31, 17.08, 30.69,
2010,13, 0.052,315.41, 37.11, 17.70, 27.41,
2010,14, 0.048,315.43, 24.68, 24.32, 24.50,
2010,15, 0.045,314.87, 15.60, 34.38, 24.99,
2010,16, 0.042,314.48, 11.23, 42.96, 27.10,
2010,17, 0.042,315.50, 11.41, 46.93, 29.17,
2010,18, 0.042,317.55, 12.19, 45.48, 28.84,
2010,19, 0.043,319.68, 12.82, 38.12, 25.47,
2010,20, 0.045,321.62, 16.89, 30.65, 23.77,
2010,21, 0.046,322.38, 19.19, 28.88, 24.03,
2010,22, 0.046,323.03, 18.90, 26.88, 22.89,
2010,23, 0.045,323.40, 20.78, 24.49, 22.63,
2010,24, 0.043,322.85, 19.55, 29.11, 24.33,
2010,25, 0.042,322.84, 18.82, 27.81, 23.32,
2010,26, 0.039,322.77, 16.39, 28.27, 22.33,
2010,27, 0.036,322.32, 12.01, 33.93, 22.97,
2010,28, 0.032,321.99,  9.63, 35.79, 22.71,
2010,29, 0.030,322.00, 10.76, 32.32, 21.54,
2010,30, 0.029,322.35, 14.40, 25.68, 20.04,
2010,31, 0.029,322.88, 20.35, 19.32, 19.84,
2010,32, 0.030,323.47, 26.61, 13.96, 20.29,
2010,33, 0.031,324.06, 30.54,  9.42, 19.98,
2010,34, 0.033,324.20, 30.25,  7.49, 18.87,
2010,35, 0.035,324.20, 30.52,  5.94, 18.23,
2010,36, 0.038,324.01, 32.72,  4.57, 18.64,
2010,37, 0.040,323.54, 33.83,  4.27, 19.05,
2010,38, 0.041,322.89, 34.03,  4.17, 19.10,
2010,39, 0.042,321.96, 33.63,  4.99, 19.31,
2010,40, 0.042,320.69, 32.32,  7.51, 19.91,
2010,41, 0.043,319.34, 32.23,  9.20, 20.72,
2010,42, 0.043,318.00, 28.91,  9.44, 19.17,
2010,43, 0.044,316.41, 31.10, 11.95, 21.52,
2010,44, 0.045,314.46, 36.33, 18.85, 27.59,
2010,45, 0.047,312.63, 43.58, 23.43, 33.50,
2010,46, 0.049,311.00, 49.09, 24.59, 36.84,
2010,47, 0.050,309.60, 53.27, 22.92, 38.10,
2010,48, 0.051,308.25, 55.22, 19.40, 37.31,
2010,49, 0.051,307.19, 56.82, 19.51, 38.17,
2010,50, 0.052,306.40, 56.71, 20.00, 38.36,
2010,51, 0.052,305.50, 55.03, 22.64, 38.83,
2010,52, 0.053,304.53, 52.89, 27.63, 40.26,
2011, 1, 0.052,303.63, 48.55, 38.25, 43.40,
2011, 2, 0.051,302.88, 41.42, 45.90, 43.66,
2011, 3, 0.050,302.49, 33.94, 50.61, 42.28,
2011, 4, 0.050,302.65, 31.02, 52.62, 41.82,
2011, 5, 0.051,303.16, 35.04, 52.07, 43.56,
2011, 6, 0.053,304.20, 42.77, 48.43, 45.60,
2011, 7, 0.055,305.42, 47.13, 45.86, 46.50,
2011, 8, 0.056,306.73, 47.90, 42.96, 45.43,
2011, 9, 0.057,308.43, 49.86, 37.96, 43.91,
2011,10, 0.057,310.60, 53.59, 32.83, 43.21,
2011,11, 0.057,312.18, 52.91, 28.66, 40.79,
2011,12, 0.056,313.46, 49.79, 26.85, 38.32,
2011,13, 0.055,314.44, 46.31, 25.89, 36.10,
2011,14, 0.055,315.62, 43.28, 25.49, 34.39,
2011,15, 0.055,316.87, 41.18, 25.19, 33.18,
2011,16, 0.054,318.46, 40.76, 22.08, 31.42,
2011,17, 0.054,319.79, 42.19, 24.69, 33.44,
2011,18, 0.054,320.77, 43.39, 27.70, 35.55,
2011,19, 0.053,321.46, 40.98, 27.61, 34.29,
2011,20, 0.052,321.54, 35.25, 33.44, 34.34,
2011,21, 0.050,321.58, 31.82, 37.23, 34.53,
2011,22, 0.050,322.12, 32.61, 35.90, 34.25,
2011,23, 0.051,322.71, 37.09, 31.43, 34.26,
2011,24, 0.049,322.90, 38.61, 29.20, 33.90,
2011,25, 0.048,322.96, 39.35, 27.07, 33.21,
2011,26, 0.046,322.86, 39.43, 27.74, 33.59,
2011,27, 0.044,322.81, 38.81, 29.26, 34.04,
2011,28, 0.042,322.97, 41.12, 26.58, 33.85,
2011,29, 0.041,323.26, 45.56, 21.41, 33.48,
2011,30, 0.040,323.33, 49.27, 17.70, 33.48,
2011,31, 0.039,323.27, 52.06, 16.02, 34.04,
2011,32, 0.038,323.00, 51.55, 17.37, 34.46,
2011,33, 0.037,322.27, 46.93, 23.05, 34.99,
2011,34, 0.037,321.65, 43.72, 27.45, 35.59,
2011,35, 0.040,321.36, 43.93, 29.31, 36.62,
2011,36, 0.043,321.24, 46.85, 28.19, 37.52,
2011,37, 0.045,321.12, 49.90, 25.56, 37.73,
2011,38, 0.047,320.76, 54.19, 23.69, 38.94,
2011,39, 0.048,320.15, 57.72, 23.73, 40.73,
2011,40, 0.049,319.57, 59.68, 21.03, 40.35,
2011,41, 0.050,318.47, 60.26, 21.10, 40.68,
2011,42, 0.051,317.07, 53.92, 22.88, 38.40,
2011,43, 0.052,315.66, 56.04, 23.06, 39.55,
2011,44, 0.053,314.10, 59.15, 23.78, 41.47,
2011,45, 0.053,312.22, 59.51, 28.03, 43.77,
2011,46, 0.052,310.16, 57.00, 34.13, 45.56,
2011,47, 0.051,308.37, 57.37, 37.35, 47.36,
2011,48, 0.053,307.34, 61.71, 29.70, 45.71,
2011,49, 0.055,306.47, 65.89, 27.35, 46.62,
2011,50, 0.056,306.10, 67.46, 22.46, 44.96,
2011,51, 0.056,305.96, 66.61, 16.51, 41.56,
2011,52, 0.056,305.70, 63.48, 13.94, 38.71,
2012, 1, 0.056,305.41, 58.85, 15.25, 37.05,
2012, 2, 0.056,305.20, 57.19, 16.72, 36.96,
2012, 3, 0.057,305.13, 58.66, 20.16, 39.41,
2012, 4, 0.058,305.11, 62.06, 26.82, 44.44,
2012, 5, 0.059,304.83, 64.95, 36.12, 50.54,
2012, 6, 0.060,305.29, 68.59, 38.69, 53.64,
2012, 7, 0.060,306.14, 67.94, 39.81, 53.87,
2012, 8, 0.061,306.66, 65.96, 44.30, 55.13,
2012, 9, 0.062,306.98, 66.45, 51.07, 58.76,
2012,10, 0.062,307.66, 68.16, 56.11, 62.13,
2012,11, 0.061,308.84, 64.64, 54.40, 59.52,
2012,12, 0.058,309.69, 55.95, 55.70, 55.82,
2012,13, 0.055,310.23, 47.03, 58.23, 52.63,
2012,14, 0.054,311.26, 40.61, 60.31, 50.46,
2012,15, 0.053,313.20, 38.39, 55.37, 46.88,
2012,16, 0.054,315.24, 39.91, 49.10, 44.50,
2012,17, 0.053,317.24, 40.75, 45.55, 43.15,
2012,18, 0.053,319.10, 41.17, 41.34, 41.25,
2012,19, 0.054,320.47, 41.51, 36.33, 38.92,
2012,20, 0.054,321.48, 41.32, 34.53, 37.92,
2012,21, 0.055,322.11, 44.22, 33.29, 38.75,
2012,22, 0.054,322.69, 42.56, 30.72, 36.64,
2012,23, 0.054,323.31, 48.41, 25.97, 37.19,
2012,24, 0.054,323.53, 52.45, 22.96, 37.71,
2012,25, 0.053,323.54, 54.79, 21.31, 38.05,
2012,26, 0.050,323.45, 54.42, 21.87, 38.15,
2012,27, 0.046,323.41, 46.80, 23.44, 35.12,
2012,28, 0.043,323.09, 43.28, 25.91, 34.59,
2012,29, 0.040,322.90, 42.07, 25.49, 33.78,
2012,30, 0.037,322.79, 41.08, 23.12, 32.10,
2012,31, 0.036,322.79, 42.21, 20.67, 31.44,
2012,32, 0.035,322.60, 43.63, 21.20, 32.42,
2012,33, 0.036,322.50, 44.84, 21.64, 33.24,
2012,34, 0.038,322.41, 44.60, 21.26, 32.93,
2012,35, 0.040,322.34, 43.67, 20.61, 32.14,
2012,36, 0.041,321.98, 42.50, 21.18, 31.84,
2012,37, 0.043,321.61, 43.29, 20.62, 31.96,
2012,38, 0.045,321.31, 47.13, 17.64, 32.39,
2012,39, 0.046,320.84, 49.82, 15.35, 32.59,
2012,40, 0.046,319.93, 48.55, 15.98, 32.26,
2012,41, 0.046,318.54, 45.39, 19.68, 32.54,
2012,42, 0.045,316.96, 33.89, 23.81, 28.85,
2012,43, 0.044,315.53, 29.80, 24.08, 26.94,
2012,44, 0.042,313.92, 26.24, 25.26, 25.75,
2012,45, 0.040,312.27, 22.31, 25.99, 24.15,
2012,46, 0.039,310.79, 19.57, 24.46, 22.02,
2012,47, 0.037,308.97, 16.32, 26.96, 21.64,
2012,48, 0.036,306.97, 14.01, 30.44, 22.22,
2012,49, 0.035,305.62, 15.28, 32.49, 23.89,
2012,50, 0.036,304.52, 14.86, 35.80, 25.33,
2012,51, 0.038,303.74, 15.73, 38.11, 26.92,
2012,52, 0.040,303.35, 17.82, 37.49, 27.66,
2013, 1, 0.045,303.58, 25.50, 37.54, 31.52,
2013, 2, 0.047,303.52, 25.80, 36.43, 31.12,
2013, 3, 0.049,304.00, 29.73, 33.00, 31.36,
2013, 4, 0.054,306.24, 45.33, 17.82, 31.58,
2013, 5, 0.056,307.19, 55.33, 15.02, 35.17,
2013, 6, 0.058,308.22, 62.25, 13.16, 37.71,
2013, 7, 0.059,309.31, 62.33, 12.55, 37.44,
2013, 8, 0.059,310.26, 58.43, 13.44, 35.93,
2013, 9, 0.059,311.32, 57.07, 14.75, 35.91,
2013,10, 0.058,312.07, 56.10, 19.48, 37.79,
2013,11, 0.057,312.05, 53.19, 26.75, 39.97,
2013,12, 0.059,314.10, 57.02, 22.50, 39.76,
2013,13, 0.057,314.83, 52.01, 23.47, 37.74,
2013,14, 0.056,314.87, 46.46, 31.53, 38.99,
2013,15, 0.055,314.64, 41.67, 42.43, 42.05,
2013,16, 0.053,314.51, 36.70, 51.26, 43.98,
2013,17, 0.051,315.05, 34.57, 57.32, 45.94,
2013,18, 0.052,315.91, 35.74, 61.30, 48.52,
2013,19, 0.053,317.27, 40.02, 59.84, 49.93,
2013,20, 0.054,318.42, 40.92, 59.71, 50.31,
2013,21, 0.053,319.28, 39.88, 58.27, 49.07,
2013,22, 0.053,320.00, 40.46, 56.50, 48.48,
2013,23, 0.052,320.06, 42.01, 57.76, 49.89,
2013,24, 0.052,320.12, 44.84, 57.46, 51.15,
2013,25, 0.050,320.53, 47.03, 52.63, 49.83,
2013,26, 0.049,320.71, 48.24, 50.32, 49.28,
2013,27, 0.046,320.76, 44.58, 50.12, 47.35,
2013,28, 0.044,320.46, 45.85, 51.39, 48.62,
2013,29, 0.041,319.74, 45.82, 54.08, 49.95,
2013,30, 0.039,319.07, 44.55, 54.19, 49.37,
2013,31, 0.037,318.88, 44.74, 52.00, 48.37,
2013,32, 0.037,319.13, 46.52, 48.72, 47.62,
2013,33, 0.037,319.40, 46.24, 46.93, 46.59,
2013,34, 0.038,319.57, 43.39, 45.66, 44.52,
2013,35, 0.038,319.78, 39.14, 44.01, 41.58,
2013,36, 0.039,319.84, 35.76, 42.15, 38.96,
2013,37, 0.040,319.59, 33.72, 42.00, 37.86,
2013,38, 0.040,319.23, 32.35, 40.80, 36.58,
2013,39, 0.041,318.45, 30.71, 44.83, 37.78,
2013,40, 0.041,317.34, 28.33, 51.46, 39.89,
2013,41, 0.040,316.11, 26.97, 54.96, 40.97,
2013,42, 0.039,315.00, 21.30, 53.03, 37.17,
2013,43, 0.038,313.53, 19.52, 54.02, 36.78,
2013,44, 0.037,311.96, 19.30, 53.10, 36.21,
2013,45, 0.038,310.37, 21.14, 51.12, 36.13,
2013,46, 0.037,308.64, 21.01, 51.87, 36.44,
2013,47, 0.038,306.71, 23.14, 55.84, 39.49,
2013,48, 0.039,305.02, 25.29, 55.13, 40.21,
2013,49, 0.041,303.87, 28.37, 54.73, 41.55,
2013,50, 0.042,303.04, 29.36, 54.75, 42.06,
2013,51, 0.044,302.32, 31.13, 55.73, 43.43,
2013,52, 0.046,301.56, 32.22, 58.82, 45.52,
2014, 1, 0.047,300.52, 32.62, 74.27, 53.45,
2014, 2, 0.049,300.43, 33.91, 72.26, 53.09,
2014, 3, 0.051,300.56, 38.30, 68.48, 53.39,
2014, 4, 0.056,303.77, 52.84, 42.67, 47.75,
2014, 5, 0.058,304.80, 62.49, 37.07, 49.78,
2014, 6, 0.060,306.00, 69.49, 32.61, 51.05,
2014, 7, 0.061,307.30, 69.47, 30.05, 49.76,
2014, 8, 0.061,308.49, 65.38, 28.57, 46.97,
2014, 9, 0.061,309.57, 62.96, 27.68, 45.32,
2014,10, 0.060,311.02, 61.09, 25.13, 43.11,
2014,11, 0.059,311.74, 57.15, 27.67, 42.41,
2014,12, 0.059,314.14, 59.17, 22.12, 40.64,
2014,13, 0.058,315.35, 53.79, 19.70, 36.74,
2014,14, 0.057,316.52, 48.98, 18.89, 33.94,
2014,15, 0.056,317.45, 45.46, 20.87, 33.17,
2014,16, 0.055,318.47, 42.00, 21.91, 31.95,
2014,17, 0.054,319.38, 40.50, 26.90, 33.70,
2014,18, 0.054,320.04, 41.44, 31.71, 36.57,
2014,19, 0.055,321.05, 44.43, 30.36, 37.40,
2014,20, 0.055,321.95, 44.61, 29.77, 37.19,
2014,21, 0.055,322.67, 43.32, 27.63, 35.47,
2014,22, 0.054,323.21, 43.62, 25.88, 34.75,
2014,23, 0.053,323.54, 44.77, 23.64, 34.21,
2014,24, 0.052,323.84, 47.10, 20.11, 33.61,
2014,25, 0.051,324.01, 48.92, 17.54, 33.23,
2014,26, 0.049,323.67, 49.96, 20.43, 35.20,
2014,27, 0.046,323.37, 45.76, 24.06, 34.90,
2014,28, 0.044,323.14, 47.12, 25.36, 36.23,
2014,29, 0.042,322.90, 47.78, 25.44, 36.60,
2014,30, 0.040,322.56, 46.70, 25.37, 36.04,
2014,31, 0.038,322.44, 46.49, 23.89, 35.18,
2014,32, 0.038,322.39, 47.61, 23.21, 35.40,
2014,33, 0.038,322.28, 46.93, 23.70, 35.32,
2014,34, 0.038,321.77, 43.95, 26.95, 35.45,
2014,35, 0.039,321.25, 39.40, 30.77, 35.09,
2014,36, 0.039,320.69, 35.61, 34.09, 34.85,
2014,37, 0.040,320.12, 33.43, 36.57, 35.00,
2014,38, 0.040,319.36, 31.86, 39.48, 35.67,
2014,39, 0.041,318.33, 29.91, 46.49, 38.20,
2014,40, 0.041,317.17, 27.07, 53.88, 40.47,
2014,41, 0.040,315.99, 25.96, 56.89, 41.43,
2014,42, 0.039,315.14, 21.33, 50.76, 36.05,
2014,43, 0.038,313.91, 20.22, 47.78, 34.00,
2014,44, 0.037,312.31, 20.21, 47.74, 33.97,
2014,45, 0.038,310.89, 21.95, 43.90, 32.93,
2014,46, 0.038,309.55, 22.14, 39.57, 30.86,
2014,47, 0.039,308.11, 24.84, 37.40, 31.12,
2014,48, 0.040,306.62, 27.02, 34.85, 30.93,
2014,49, 0.041,305.70, 30.07, 32.89, 31.47,
2014,50, 0.043,305.26, 31.11, 29.50, 30.30,
2014,51, 0.044,305.11, 32.82, 24.64, 28.73,
2014,52, 0.046,305.02, 33.16, 20.58, 26.87,
2015, 1, 0.047,304.79, 32.61, 22.08, 27.34,
2015, 2, 0.049,304.83, 33.12, 20.81, 26.96,
2015, 3, 0.051,305.65, 36.91, 15.58, 26.25,
2015, 4, 0.056,307.10, 51.09,  9.08, 30.08,
2015, 5, 0.058,307.55, 59.92, 11.81, 35.87,
2015, 6, 0.059,308.04, 66.10, 14.92, 40.51,
2015, 7, 0.060,308.82, 66.25, 16.90, 41.58,
2015, 8, 0.060,309.41, 61.86, 20.95, 41.41,
2015, 9, 0.060,309.79, 59.85, 26.78, 43.31,
2015,10, 0.059,310.02, 58.22, 32.77, 45.50,
2015,11, 0.058,310.11, 54.87, 39.05, 46.96,
2015,12, 0.059,312.80, 57.39, 32.09, 44.74,
2015,13, 0.057,314.18, 51.58, 28.38, 39.98,
2015,14, 0.056,315.70, 46.08, 25.12, 35.60,
2015,15, 0.055,317.31, 41.82, 21.43, 31.63,
2015,16, 0.053,318.76, 37.18, 18.78, 27.98,
2015,17, 0.052,319.87, 35.41, 22.34, 28.87,
2015,18, 0.052,320.59, 36.36, 26.70, 31.53,
2015,19, 0.053,321.56, 40.27, 25.28, 32.78,
2015,20, 0.054,322.32, 41.18, 25.78, 33.48,
2015,21, 0.053,322.93, 39.92, 24.69, 32.30,
2015,22, 0.053,323.46, 40.40, 23.20, 31.80,
2015,23, 0.052,323.47, 42.03, 24.18, 33.11,
2015,24, 0.051,323.44, 44.40, 23.92, 34.16,
2015,25, 0.050,323.49, 46.02, 22.53, 34.28,
2015,26, 0.048,323.45, 47.72, 22.30, 35.01,
2015,27, 0.046,323.28, 44.51, 24.57, 34.53,
2015,28, 0.044,323.13, 46.41, 25.07, 35.74,
2015,29, 0.042,322.97, 47.32, 24.26, 35.79,
2015,30, 0.040,322.74, 46.93, 22.96, 34.94,
2015,31, 0.038,322.67, 47.31, 21.15, 34.23,
2015,32, 0.038,322.79, 48.77, 19.33, 34.04,
2015,33, 0.038,322.64, 48.40, 20.26, 34.33,
2015,34, 0.039,322.10, 45.33, 23.68, 34.50,
2015,35, 0.039,321.68, 40.81, 26.48, 33.65,
2015,36, 0.040,321.10, 37.20, 29.75, 33.47,
2015,37, 0.040,320.69, 34.96, 30.33, 32.64,
2015,38, 0.041,320.21, 33.21, 29.92, 31.56,
2015,39, 0.041,319.31, 31.13, 34.20, 32.66,
2015,40, 0.041,317.94, 27.81, 43.37, 35.59,
2015,41, 0.040,316.73, 25.51, 46.12, 35.82,
2015,42, 0.038,315.49, 19.80, 45.86, 32.83,
2015,43, 0.037,313.87, 17.78, 49.25, 33.51,
2015,44, 0.036,312.24, 17.35, 49.67, 33.51,
2015,45, 0.037,310.81, 19.17, 45.81, 32.50,
2015,46, 0.037,309.07, 19.44, 47.11, 33.28,
2015,47, 0.038,307.32, 21.98, 49.05, 35.52,
2015,48, 0.039,305.74, 24.55, 47.44, 36.00,
2015,49, 0.040,304.60, 27.71, 47.09, 37.40,
2015,50, 0.042,303.70, 28.67, 48.21, 38.44,
2015,51, 0.043,303.16, 30.26, 47.62, 38.94,
2015,52, 0.045,302.62, 30.84, 48.68, 39.76,
2016, 1, 0.047,301.92, 30.61, 58.49, 44.56,
2016, 2, 0.048,301.98, 31.08, 55.25, 43.17,
2016, 3, 0.050,302.06, 35.00, 54.05, 44.52,
2016, 4, 0.055,304.81, 50.02, 33.10, 41.56,
2016, 5, 0.058,305.50, 60.15, 31.42, 45.78,
2016, 6, 0.060,306.23, 67.61, 31.23, 49.42,
2016, 7, 0.060,306.98, 67.88, 33.20, 50.54,
2016, 8, 0.060,307.38, 63.76, 38.29, 51.03,
2016, 9, 0.060,307.32, 61.39, 44.98, 53.18,
2016,10, 0.059,306.21, 59.14, 56.10, 57.62,
2016,11, 0.058,308.27, 56.09, 51.22, 53.65,
2016,12, 0.059,310.88, 59.03, 46.51, 52.77,
2016,13, 0.058,311.55, 54.28, 48.47, 51.37,
2016,14, 0.057,312.35, 49.86, 51.56, 50.71,
2016,15, 0.057,313.44, 46.56, 52.32, 49.44,
2016,16, 0.055,314.48, 43.28, 52.26, 47.77,
2016,17, 0.054,315.94, 41.53, 51.91, 46.72,
2016,18, 0.054,317.35, 42.43, 51.61, 47.02,
2016,19, 0.055,318.76, 45.61, 48.52, 47.06,
2016,20, 0.056,319.70, 45.50, 49.17, 47.34,
2016,21, 0.055,320.37, 44.00, 48.55, 46.27,
2016,22, 0.054,320.93, 43.91, 47.66, 45.79,
2016,23, 0.053,321.53, 44.90, 43.25, 44.08,
2016,24, 0.052,321.83, 46.76, 40.25, 43.50,
2016,25, 0.050,321.64, 47.30, 41.44, 44.37,
2016,26, 0.048,321.26, 47.72, 44.81, 46.27,
2016,27, 0.045,320.74, 43.34, 50.31, 46.83,
2016,28, 0.043,320.64, 45.09, 49.57, 47.34,
2016,29, 0.041,320.42, 45.63, 47.78, 46.71,
2016,30, 0.039,320.36, 44.76, 43.13, 43.95,
2016,31, 0.038,320.86, 45.36, 35.75, 40.55,
2016,32, 0.038,321.94, 47.61, 26.05, 36.82,
2016,33, 0.038,322.70, 47.87, 19.82, 33.85,
2016,34, 0.039,322.80, 45.53, 17.72, 31.62,
2016,35, 0.039,322.59, 41.32, 18.07, 29.70,
2016,36, 0.040,322.13, 37.63, 19.48, 28.56,
2016,37, 0.040,321.52, 35.43, 21.41, 28.41,
2016,38, 0.041,320.52, 33.64, 26.29, 29.97,
2016,39, 0.041,319.42, 31.79, 32.48, 32.14,
2016,40, 0.041,318.33, 29.33, 37.66, 33.50,
2016,41, 0.040,317.32, 27.65, 37.19, 32.43,
2016,42, 0.039,316.37, 21.54, 32.14, 26.84,
2016,43, 0.038,315.01, 19.68, 31.65, 25.67,
2016,44, 0.037,313.35, 19.28, 33.39, 26.34,
2016,45, 0.037,312.20, 20.76, 26.95, 23.86,
2016,46, 0.037,310.86, 20.43, 23.99, 22.21,
2016,47, 0.038,309.27, 22.45, 24.33, 23.39,
2016,48, 0.039,307.66, 24.38, 24.25, 24.31,
2016,49, 0.040,306.45, 27.06, 25.75, 26.40,
2016,50, 0.041,305.82, 27.71, 24.15, 25.93,
2016,51, 0.043,305.36, 29.23, 22.50, 25.86,
2016,52, 0.045,304.69, 29.52, 24.49, 27.01,
2017, 1, 0.046,304.16, 29.08, 29.53, 29.31,
2017, 2, 0.048,304.17, 29.91, 28.45, 29.18,
2017, 3, 0.050,304.16, 33.69, 31.14, 32.42,
2017, 4, 0.055,305.34, 48.20, 26.90, 37.55,
2017, 5, 0.057,305.03, 56.83, 35.17, 46.00,
2017, 6, 0.058,305.32, 62.46, 38.58, 50.52,
2017, 7, 0.059,306.09, 61.89, 40.39, 51.14,
2017, 8, 0.059,306.78, 58.13, 43.28, 50.70,
2017, 9, 0.059,307.31, 56.38, 45.15, 50.76,
2017,10, 0.058,307.79, 55.18, 45.98, 50.58,
2017,11, 0.057,308.50, 52.47, 49.00, 50.74,
2017,12, 0.058,312.26, 56.46, 35.77, 46.12,
2017,13, 0.057,314.21, 51.49, 27.61, 39.55,
2017,14, 0.056,315.96, 46.85, 22.46, 34.65,
2017,15, 0.056,317.44, 43.67, 19.83, 31.75,
2017,16, 0.054,318.42, 40.25, 20.95, 30.60,
2017,17, 0.053,319.24, 38.92, 26.50, 32.71,
2017,18, 0.053,319.79, 39.96, 32.31, 36.13,
2017,19, 0.054,320.76, 43.44, 31.32, 37.38,
2017,20, 0.055,321.88, 44.05, 29.34, 36.69,
2017,21, 0.055,322.70, 43.32, 26.59, 34.95,
2017,22, 0.054,323.31, 44.07, 24.56, 34.31,
2017,23, 0.054,323.74, 45.81, 21.66, 33.74,
2017,24, 0.053,323.91, 48.50, 19.36, 33.93,
2017,25, 0.051,323.91, 50.16, 18.45, 34.31,
2017,26, 0.049,323.61, 50.33, 20.99, 35.66,
2017,27, 0.046,322.95, 45.25, 28.15, 36.70,
2017,28, 0.044,322.60, 45.92, 30.35, 38.13,
2017,29, 0.041,322.43, 46.38, 29.22, 37.80,
2017,30, 0.039,322.04, 45.70, 28.72, 37.21,
2017,31, 0.038,321.93, 46.19, 27.06, 36.61,
2017,32, 0.038,322.34, 48.13, 22.95, 35.53,
2017,33, 0.038,322.73, 48.22, 19.66, 33.94,
2017,34, 0.039,322.62, 45.50, 19.44, 32.47,
2017,35, 0.039,322.45, 41.04, 19.54, 30.29,
2017,36, 0.040,322.40, 37.53, 17.14, 27.34,
2017,37, 0.040,322.25, 35.55, 13.98, 24.76,
2017,38, 0.041,321.87, 34.11, 11.52, 22.81,
2017,39, 0.041,321.09, 32.19, 12.11, 22.15,
2017,40, 0.041,319.95, 29.29, 15.57, 22.43,
2017,41, 0.040,318.90, 27.59, 13.82, 20.70,
2017,42, 0.039,317.71, 21.62, 11.85, 16.73,
2017,43, 0.038,316.00, 19.55, 16.77, 18.16,
2017,44, 0.037,313.93, 19.35, 25.42, 22.39,
2017,45, 0.037,312.35, 20.84, 25.25, 23.05,
2017,46, 0.037,310.48, 20.58, 28.87, 24.73,
2017,47, 0.038,308.26, 22.93, 36.73, 29.83,
2017,48, 0.039,306.38, 25.40, 39.16, 32.28,
2017,49, 0.041,305.01, 28.81, 41.98, 35.40,
2017,50, 0.042,304.38, 30.01, 40.11, 35.06,
2017,51, 0.044,303.89, 31.87, 39.04, 35.46,
2017,52, 0.047,303.28, 32.62, 38.56, 35.60,
2018, 1, 0.048,302.94, 33.87, 44.14, 39.01,
2018, 2, 0.049,303.28, 34.22, 37.77, 36.00,
2018, 3, 0.052,303.92, 38.65, 34.56, 36.60,
2018, 4, 0.056,306.03, 53.15, 18.74, 35.94,
2018, 5, 0.058,306.84, 62.22, 16.96, 39.59,
2018, 6, 0.060,307.91, 68.74, 16.55, 42.65,
2018, 7, 0.061,308.99, 68.62, 13.79, 41.20,
2018, 8, 0.060,309.94, 64.34, 12.97, 38.65,
2018, 9, 0.061,311.40, 62.57, 14.47, 38.52,
2018,10, 0.060,313.03, 61.96, 12.61, 37.29,
2018,11, 0.059,314.10, 59.46, 12.01, 35.73,
2018,12, 0.061,315.65, 61.76, 11.86, 36.81,
2018,13, 0.059,316.29, 56.22, 12.85, 34.53,
2018,14, 0.057,316.55, 50.00, 18.49, 34.25,
2018,15, 0.056,316.47, 45.04, 28.39, 36.71,
2018,16, 0.054,316.54, 40.47, 36.13, 38.30,
2018,17, 0.053,316.77, 37.96, 44.70, 41.33,
2018,18, 0.053,317.35, 38.11, 50.69, 44.40,
2018,19, 0.054,318.20, 41.34, 52.69, 47.01,
2018,20, 0.054,318.99, 41.68, 55.14, 48.41,
2018,21, 0.054,319.75, 40.41, 54.54, 47.48,
2018,22, 0.053,320.66, 40.89, 50.47, 45.68,
2018,23, 0.053,321.55, 42.81, 43.29, 43.05,
2018,24, 0.052,322.19, 46.01, 36.72, 41.37,
2018,25, 0.051,322.99, 48.90, 27.76, 38.33,
2018,26, 0.049,323.33, 50.98, 23.66, 37.32,
2018,27, 0.046,323.36, 47.61, 23.97, 35.79,
2018,28, 0.045,323.38, 49.19, 22.86, 36.03,
2018,29, 0.043,323.27, 50.12, 21.98, 36.05,
2018,30, 0.040,322.92, 49.11, 22.13, 35.62,
2018,31, 0.039,322.89, 48.76, 20.02, 34.39,
2018,32, 0.038,323.18, 49.94, 16.74, 33.34,
2018,33, 0.039,323.30, 49.45, 15.33, 32.39,
2018,34, 0.039,323.03, 46.41, 16.05, 31.23,
2018,35, 0.039,322.80, 41.59, 16.40, 28.99,
2018,36, 0.040,322.21, 37.63, 18.96, 28.30,
2018,37, 0.040,321.67, 35.34, 20.07, 27.71,
2018,38, 0.041,321.12, 33.78, 19.91, 26.84,
2018,39, 0.041,319.87, 32.04, 27.15, 29.60,
2018,40, 0.041,318.26, 29.35, 38.54, 33.95,
2018,41, 0.040,316.52, 27.70, 48.65, 38.18,
2018,42, 0.039,314.59, 21.34, 59.23, 40.29,
2018,43, 0.038,312.78, 19.24, 65.50, 42.38,
2018,44, 0.037,311.17, 18.59, 64.34, 41.47,
2018,45, 0.037,309.98, 19.29, 56.21, 37.75,
2018,46, 0.037,309.05, 19.26, 46.72, 32.99,
2018,47, 0.038,307.94, 21.62, 40.76, 31.19,
2018,48, 0.039,306.56, 23.66, 36.98, 30.32,
2018,49, 0.040,305.75, 26.62, 33.72, 30.16,
2018,50, 0.041,305.23, 27.56, 30.96, 29.26,
2018,51, 0.043,304.83, 28.87, 28.71, 28.79,
2018,52, 0.045,304.33, 29.15, 28.90, 29.03,
2019, 1, 0.046,303.73, 28.45, 35.62, 32.04,
2019, 2, 0.047,303.39, 28.35, 38.13, 33.24,
2019, 3, 0.049,303.26, 31.89, 41.00, 36.45,
2019, 4, 0.054,305.02, 46.41, 30.43, 38.42,
2019, 5, 0.057,305.22, 56.35, 33.84, 45.09,
2019, 6, 0.058,305.13, 62.79, 41.14, 51.96,
2019, 7, 0.059,305.10, 62.38, 50.37, 56.38,
2019, 8, 0.059,305.53, 59.16, 55.33, 57.25,
2019, 9, 0.059,305.60, 57.96, 60.13, 59.04,
2019,10, 0.058,305.70, 56.08, 62.28, 59.18,
2019,11, 0.057,305.81, 52.38, 69.03, 60.70,
2019,12, 0.058,308.72, 55.63, 62.54, 59.08,
2019,13, 0.057,309.85, 50.54, 61.14, 55.84,
2019,14, 0.056,311.03, 45.22, 61.56, 53.39,
2019,15, 0.055,312.43, 41.12, 59.76, 50.44,
2019,16, 0.053,314.36, 37.08, 52.38, 44.73,
2019,17, 0.052,316.20, 35.55, 49.35, 42.45,
2019,18, 0.052,317.96, 36.89, 46.93, 41.91,
2019,19, 0.054,319.39, 40.74, 43.80, 42.27,
2019,20, 0.054,320.66, 41.74, 41.10, 41.42,
2019,21, 0.054,321.85, 41.88, 35.28, 38.58,
2019,22, 0.054,322.31, 43.52, 34.84, 39.18,
2019,23, 0.054,322.53, 45.49, 33.90, 39.70,
2019,24, 0.053,322.75, 48.30, 31.28, 39.79,
2019,25, 0.052,322.79, 51.09, 29.88, 40.48,
2019,26, 0.050,322.39, 52.75, 33.46, 43.11,
2019,27, 0.047,321.83, 48.56, 39.62, 44.09,
2019,28, 0.045,321.66, 49.62, 40.05, 44.83,
2019,29, 0.043,321.51, 49.96, 38.34, 44.15,
2019,30, 0.040,321.11, 48.47, 37.44, 42.96,
2019,31, 0.038,320.95, 47.87, 35.67, 41.76,
2019,32, 0.038,321.46, 49.03, 30.36, 39.69,
2019,33, 0.038,321.84, 48.78, 27.20, 37.99,
2019,34, 0.039,321.63, 45.99, 27.99, 36.99,
2019,35, 0.039,321.39, 41.40, 29.30, 35.35,
2019,36, 0.040,320.84, 37.72, 32.42, 35.07,
2019,37, 0.040,320.26, 35.34, 35.00, 35.17,
2019,38, 0.041,319.33, 33.36, 39.62, 36.49,
2019,39, 0.041,318.19, 31.18, 48.04, 39.62,
2019,40, 0.041,317.18, 28.63, 53.66, 41.14,
2019,41, 0.040,316.25, 27.30, 53.15, 40.23,
2019,42, 0.039,315.31, 21.56, 48.91, 35.24,
2019,43, 0.038,313.81, 19.95, 50.67, 35.31,
2019,44, 0.037,311.77, 19.59, 56.63, 38.11,
2019,45, 0.037,310.08, 20.68, 55.83, 38.26,
2019,46, 0.037,308.57, 21.03, 53.70, 37.37,
2019,47, 0.039,307.02, 23.74, 53.22, 38.48,
2019,48, 0.040,305.26, 25.74, 53.71, 39.73,
2019,49, 0.041,303.97, 28.65, 54.91, 41.78,
2019,50, 0.042,303.35, 29.70, 52.75, 41.23,
2019,51, 0.044,303.00, 31.15, 49.60, 40.37,
2019,52, 0.046,302.51, 31.52, 49.49, 40.50,
2020, 1, 0.047,301.78, 31.27, 59.60, 45.44,
2020, 2, 0.048,301.39, 31.72, 61.60, 46.66,
2020, 3, 0.050,301.15, 35.32, 62.92, 49.12,
2020, 4, 0.055,303.71, 49.25, 43.62, 46.44,
2020, 5, 0.058,304.15, 58.68, 43.37, 51.02,
2020, 6, 0.059,304.46, 65.46, 46.63, 56.04,
2020, 7, 0.060,305.15, 66.48, 49.41, 57.94,
2020, 8, 0.060,305.96, 63.31, 51.15, 57.23,
2020, 9, 0.060,306.46, 61.17, 52.64, 56.91,
2020,10, 0.060,306.43, 59.91, 56.52, 58.22,
2020,11, 0.059,306.39, 57.26, 64.62, 60.94,
2020,12, 0.060,309.85, 59.41, 53.95, 56.68,
2020,13, 0.058,310.89, 53.54, 53.12, 53.33,
2020,14, 0.057,311.82, 48.25, 55.14, 51.70,
2020,15, 0.056,312.85, 44.24, 56.55, 50.39,
2020,16, 0.054,313.75, 40.08, 57.76, 48.92,
2020,17, 0.053,314.80, 38.52, 60.32, 49.42,
2020,18, 0.053,316.21, 39.83, 60.47, 50.15,
2020,19, 0.055,317.59, 43.64, 58.88, 51.26,
2020,20, 0.055,318.63, 44.67, 59.23, 51.95,
2020,21, 0.055,319.61, 44.26, 56.35, 50.31,
2020,22, 0.055,320.59, 45.13, 51.73, 48.43,
2020,23, 0.054,321.11, 47.32, 48.07, 47.70,
2020,24, 0.053,321.01, 50.36, 48.94, 49.65,
2020,25, 0.052,321.14, 52.61, 46.77, 49.69,
2020,26, 0.050,321.27, 53.66, 44.91, 49.29,
2020,27, 0.047,320.71, 49.27, 50.62, 49.95,
2020,28, 0.045,320.16, 49.75, 54.15, 51.95,
2020,29, 0.042,319.92, 49.76, 52.24, 51.00,
2020,30, 0.040,319.63, 48.51, 49.38, 48.94,
2020,31, 0.039,319.47, 48.06, 47.42, 47.74,
2020,32, 0.038,319.62, 49.23, 45.04, 47.13,
2020,33, 0.038,319.90, 49.00, 42.96, 45.98,
2020,34, 0.039,319.94, 46.23, 42.53, 44.38,
2020,35, 0.039,320.30, 41.82, 39.26, 40.54,
2020,36, 0.040,320.87, 38.67, 32.12, 35.39,
2020,37, 0.041,321.22, 37.01, 24.92, 30.96,
2020,38, 0.041,321.40, 35.89, 16.77, 26.33,
2020,39, 0.042,320.89, 34.67, 14.65, 24.66,
2020,40, 0.042,319.70, 32.69, 19.01, 25.85,
2020,41, 0.042,318.43, 31.46, 20.58, 26.02,
2020,42, 0.040,317.04, 25.11, 21.31, 23.21,
2020,43, 0.039,315.36, 23.79, 25.60, 24.70,
2020,44, 0.039,313.46, 23.75, 31.69, 27.73,
2020,45, 0.039,311.78, 25.09, 32.99, 29.04,
2020,46, 0.039,310.13, 24.78, 33.65, 29.22,
2020,47, 0.040,308.38, 26.95, 35.84, 31.40,
2020,48, 0.041,306.70, 28.98, 35.81, 32.40,
2020,49, 0.042,305.60, 31.93, 35.58, 33.76,
2020,50, 0.043,304.80, 32.86, 35.79, 34.33,
2020,51, 0.045,304.19, 34.71, 35.64, 35.18,
2020,52, 0.047,303.63, 35.53, 36.38, 35.96,
2021, 1, 0.048,303.27, 35.32, 41.08, 38.20,
2021, 2, 0.050,303.40, 36.30, 37.55, 36.93,
2021, 3, 0.052,303.81, 40.13, 34.52, 37.33,
2021, 4, 0.056,305.84, 53.61, 21.62, 37.62,
2021, 5, 0.059,306.44, 62.73, 21.77, 42.25,
2021, 6, 0.060,307.03, 69.09, 23.42, 46.25,
2021, 7, 0.061,307.75, 68.59, 25.72, 47.16,
2021, 8, 0.061,308.73, 64.36, 26.19, 45.28,
2021, 9, 0.060,309.94, 62.14, 24.60, 43.37,
2021,10, 0.060,311.44, 60.71, 22.24, 41.47,
2021,11, 0.059,313.39, 58.34, 17.03, 37.68,
2021,12, 0.060,315.75, 61.22, 10.28, 35.75,
2021,13, 0.059,316.80, 56.30,  8.88, 32.59,
2021,14, 0.058,317.96, 51.66,  8.03, 29.85,
2021,15, 0.057,318.97, 48.65,  9.51, 29.08,
2021,16, 0.056,319.72, 45.60, 12.99, 29.29,
2021,17, 0.055,320.49, 44.13, 19.41, 31.77,
2021,18, 0.055,321.26, 44.92, 23.24, 34.08,
2021,19, 0.056,322.33, 47.55, 20.38, 33.96,
2021,20, 0.056,323.23, 47.57, 18.92, 33.24,
2021,21, 0.056,323.86, 46.73, 17.13, 31.93,
2021,22, 0.055,324.07, 46.81, 18.13, 32.47,
2021,23, 0.054,323.72, 47.74, 22.36, 35.05,
2021,24, 0.053,323.63, 49.88, 22.51, 36.19,
2021,25, 0.052,323.74, 51.39, 20.39, 35.89,
2021,26, 0.049,323.16, 51.33, 25.55, 38.44,
2021,27, 0.046,322.50, 46.55, 32.49, 39.52,
2021,28, 0.044,321.73, 47.46, 38.50, 42.98,
2021,29, 0.042,321.30, 47.95, 39.26, 43.61,
2021,30, 0.040,321.25, 47.33, 35.56, 41.45,
2021,31, 0.038,321.28, 47.63, 32.79, 40.20,
2021,32, 0.038,321.49, 49.07, 30.05, 39.55,
2021,33, 0.038,321.72, 48.79, 28.21, 38.50,
2021,34, 0.039,321.05, 45.96, 33.06, 39.51,
2021,35, 0.039,320.34, 41.30, 38.98, 40.14,
2021,36, 0.040,319.72, 37.57, 43.37, 40.47,
2021,37, 0.040,319.13, 35.47, 46.95, 41.21,
2021,38, 0.041,318.36, 33.91, 50.44, 42.17,
2021,39, 0.041,317.63, 32.29, 55.14, 43.72,
2021,40, 0.041,316.89, 30.23, 58.12, 44.17,
2021,41, 0.041,316.27, 28.92, 53.23, 41.08,
2021,42, 0.039,315.59, 22.86, 44.58, 33.72,
2021,43, 0.038,314.59, 21.34, 38.35, 29.85,
2021,44, 0.038,313.25, 21.01, 35.30, 28.16,
2021,45, 0.038,312.23, 22.26, 27.27, 24.77,
2021,46, 0.038,311.04, 22.35, 22.30, 22.32,
2021,47, 0.039,309.15, 24.83, 26.15, 25.49,
2021,48, 0.040,307.37, 27.15, 27.95, 27.55,
2021,49, 0.041,306.11, 30.18, 29.56, 29.87,
2021,50, 0.043,304.96, 31.04, 33.41, 32.23,
2021,51, 0.044,304.33, 32.65, 33.49, 33.07,
2021,52, 0.046,303.56, 33.05, 36.74, 34.90,
2022, 1, 0.047,302.55, 32.66, 49.46, 41.06,
2022, 2, 0.049,302.37, 33.30, 49.60, 41.45,
2022, 3, 0.051,302.92, 37.35, 44.36, 40.86,
2022, 4, 0.056,305.46, 51.79, 25.76, 38.78,
2022, 5, 0.058,306.38, 61.46, 22.71, 42.08,
2022, 6, 0.060,307.32, 68.74, 21.12, 44.93,
2022, 7, 0.061,308.37, 69.16, 20.76, 44.96,
2022, 8, 0.061,309.68, 65.78, 18.61, 42.20,
2022, 9, 0.061,311.39, 64.35, 14.46, 39.41,
2022,10, 0.061,313.42, 63.11, 10.81, 36.96,
2022,11, 0.060,314.77, 60.50,  9.19, 34.85,
2022,12, 0.061,316.39, 62.83,  6.00, 34.42,
2022,13, 0.060,317.51, 57.51,  3.88, 30.69,
2022,14, 0.058,318.43, 52.25,  4.56, 28.40,
2022,15, 0.057,319.17, 48.19,  7.73, 27.96,
2022,16, 0.055,319.69, 43.93, 12.51, 28.22,
2022,17, 0.054,319.94, 41.37, 22.47, 31.92,
2022,18, 0.054,320.19, 41.27, 29.90, 35.59,
2022,19, 0.055,321.07, 43.94, 29.57, 36.75,
2022,20, 0.055,321.97, 44.14, 29.38, 36.76,
2022,21, 0.055,322.41, 43.29, 29.98, 36.64,
2022,22, 0.054,322.58, 43.62, 32.09, 37.86,
2022,23, 0.053,322.26, 44.76, 36.52, 40.64,
2022,24, 0.052,321.36, 46.89, 45.29, 46.09,
2022,25, 0.051,320.18, 47.83, 56.28, 52.06,
2022,26, 0.048,318.76, 47.55, 70.02, 58.79,
2022,27, 0.045,317.48, 42.99, 82.68, 62.83,
2022,28, 0.043,316.44, 44.27, 89.70, 66.98,
2022,29, 0.041,315.56, 44.96, 90.61, 67.78,
2022,30, 0.037,317.04, 37.21, 70.02, 53.62,
2022,31, 0.035,317.84, 38.71, 59.38, 49.04,
2022,32, 0.035,319.16, 41.16, 47.62, 44.39,
2022,33, 0.036,320.25, 40.68, 39.44, 40.06,
2022,34, 0.036,320.48, 37.52, 37.42, 37.47,
2022,35, 0.036,320.34, 33.22, 38.62, 35.92,
2022,36, 0.037,320.18, 29.43, 38.61, 34.02,
2022,37, 0.037,320.09, 26.74, 36.60, 31.66,
2022,38, 0.038,319.73, 24.29, 35.20, 29.74,
2022,39, 0.039,319.20, 21.82, 35.46, 28.64,
2022,40, 0.039,318.72, 19.70, 32.55, 26.12,
2022,41, 0.038,318.10, 19.36, 25.77, 22.57,
2022,42, 0.037,317.13, 16.24, 20.70, 18.47,
2022,43, 0.036,315.79, 14.66, 20.34, 17.50,
2022,44, 0.035,314.00, 14.11, 25.47, 19.80,
2022,45, 0.035,312.38, 14.21, 26.31, 20.26,
2022,46, 0.035,310.69, 14.38, 27.87, 21.13,
2022,47, 0.036,308.84, 16.44, 31.47, 23.96,
2022,48, 0.037,307.11, 18.29, 32.56, 25.43,
2022,49, 0.038,305.83, 20.82, 34.20, 27.51,
2022,50, 0.039,304.63, 21.22, 38.21, 29.72,
2022,51, 0.040,303.62, 21.76, 42.26, 32.01,
2022,52, 0.042,302.78, 21.44, 45.99, 33.71,
2023, 1, 0.044,301.87, 21.44, 58.01, 39.73,
2023, 2, 0.045,301.75, 21.43, 56.90, 39.17,
2023, 3, 0.047,301.90, 23.98, 54.81, 39.40,
2023, 4, 0.051,304.39, 34.45, 36.45, 35.45,
2023, 5, 0.053,305.17, 42.38, 33.83, 38.10,
2023, 6, 0.055,306.18, 48.33, 31.29, 39.81,
2023, 7, 0.055,307.41, 48.90, 29.18, 39.04,
2023, 8, 0.056,308.62, 46.57, 27.54, 37.05,
2023, 9, 0.056,309.57, 46.50, 28.18, 37.34,
2023,10, 0.055,310.44, 46.10, 29.71, 37.91,
2023,11, 0.054,310.96, 44.83, 33.60, 39.21,
2023,12, 0.056,313.36, 49.83, 28.21, 39.02,
2023,13, 0.055,314.50, 45.94, 26.44, 36.19,
2023,14, 0.054,315.42, 41.84, 27.85, 34.84,
2023,15, 0.053,315.74, 37.96, 34.58, 36.27,
2023,16, 0.052,316.53, 34.06, 36.97, 35.51,
2023,17, 0.051,317.40, 32.63, 41.27, 36.95,
2023,18, 0.051,318.03, 33.27, 46.23, 39.75,
2023,19, 0.052,319.01, 36.52, 46.28, 41.40,
2023,20, 0.053,319.96, 36.95, 46.69, 41.82,
2023,21, 0.052,320.48, 35.24, 47.44, 41.34,
2023,22, 0.051,320.87, 34.49, 48.18, 41.34,
2023,23, 0.050,321.30, 35.10, 45.49, 40.29,
2023,24, 0.049,321.36, 36.83, 44.76, 40.80,
2023,25, 0.047,321.54, 36.97, 42.35, 39.66,
2023,26, 0.045,321.75, 37.21, 39.79, 38.50,
2023,27, 0.043,321.36, 34.29, 44.12, 39.20,
2023,28, 0.041,321.03, 36.97, 45.89, 41.43,
2023,29, 0.039,321.05, 38.59, 42.37, 40.48,
2023,30, 0.037,320.77, 38.30, 40.28, 39.29,
2023,31, 0.036,320.70, 39.37, 37.78, 38.57,
2023,32, 0.035,321.12, 41.57, 33.13, 37.35,
2023,33, 0.036,321.58, 41.12, 29.26, 35.19,
2023,34, 0.036,321.54, 37.73, 28.63, 33.18,
2023,35, 0.036,321.54, 33.19, 27.73, 30.46,
2023,36, 0.037,321.39, 29.28, 26.77, 28.03,
2023,37, 0.037,320.92, 26.43, 27.70, 27.06,
2023,38, 0.038,320.45, 24.26, 27.13, 25.69,
2023,39, 0.039,319.69, 22.09, 29.36, 25.73,
2023,40, 0.039,318.29, 19.79, 38.27, 29.03,
2023,41, 0.038,316.96, 19.34, 42.56, 30.95,
2023,42, 0.037,315.43, 16.29, 46.80, 31.54,
2023,43, 0.036,313.46, 15.05, 55.62, 35.33,
2023,44, 0.036,311.52, 14.72, 59.50, 37.10,
2023,45, 0.035,309.92, 15.08, 57.15, 36.11,
2023,46, 0.035,308.63, 15.40, 52.10, 33.75,
2023,47, 0.036,307.48, 17.56, 46.45, 32.00,
2023,48, 0.037,306.43, 19.53, 38.86, 29.19,
2023,49, 0.038,305.68, 22.02, 34.60, 28.30,
2023,50, 0.039,305.15, 22.33, 31.85, 27.09,
2023,51, 0.041,304.74, 23.11, 29.67, 26.38,
2023,52, 0.043,304.12, 22.96, 31.39, 27.18,
2024, 1, 0.044,303.42, 22.16, 39.48, 30.82,
2024, 2, 0.045,303.14, 22.13, 41.05, 31.59,
2024, 3, 0.047,302.77, 25.09, 46.17, 35.63,
2024, 4, 0.052,304.29, 36.35, 38.07, 37.21,
2024, 5, 0.054,304.26, 44.21, 43.05, 43.63,
2024, 6, 0.055,304.46, 50.04, 47.29, 48.67,
2024, 7, 0.056,304.81, 50.34, 53.17, 51.76,
2024, 8, 0.056,305.39, 47.32, 56.88, 52.10,
2024, 9, 0.056,305.47, 46.35, 61.38, 53.86,
2024,10, 0.055,305.30, 45.16, 65.29, 55.23,
2024,11, 0.054,305.33, 43.32, 72.68, 58.00,
2024,12, 0.056,307.87, 48.38, 68.81, 58.60,
2024,13, 0.055,308.31, 44.60, 72.57, 58.58,
2024,14, 0.054,309.33, 40.22, 74.61, 57.42,
2024,15, 0.053,310.37, 36.13, 75.87, 56.00,
2024,16, 0.051,311.35, 31.73, 75.61, 53.67,
2024,17, 0.050,312.61, 29.68, 75.91, 52.80,
2024,18, 0.050,314.29, 30.42, 74.40, 52.41,
2024,19, 0.051,316.30, 34.22, 68.83, 51.52,
2024,20, 0.052,318.25, 35.20, 61.84, 48.52,
2024,21, 0.052,319.99, 34.02, 52.32, 43.17,
2024,22, 0.051,321.57, 34.19, 42.02, 38.10,
2024,23, 0.050,322.08, 35.05, 38.31, 36.68,
2024,24, 0.049,322.62, 37.12, 32.56, 34.84,
2024,25, 0.048,322.18, 37.26, 35.93, 36.60,
2024,26, 0.046,321.12, 37.57, 46.06, 41.82,
2024,27, 0.043,320.30, 35.54, 54.49, 45.02,
2024,28, 0.041,319.41, 38.51, 61.35, 49.93,
2024,29, 0.039,318.65, 39.80, 63.76, 51.78,
2024,30, 0.037,318.03, 39.46, 62.80, 51.13,
2024,31, 0.036,317.60, 40.52, 62.36, 51.44,
2024,32, 0.036,317.52, 42.69, 61.55, 52.12,
2024,33, 0.036,317.82, 42.11, 59.83, 50.97,
2024,34, 0.036,318.33, 38.86, 56.42, 47.64,
2024,35, 0.037,319.10, 34.48, 50.27, 42.38,
2024,36, 0.037,319.23, 30.67, 48.19, 39.43,
2024,37,-1.000, -1.00, -1.00, -1.00, -1.00,
2024,38,-1.000, -1.00, -1.00, -1.00, -1.00,
2024,39,-1.000, -1.00, -1.00, -1.00, -1.00,
2024,40,-1.000, -1.00, -1.00, -1.00, -1.00,
2024,41,-1.000, -1.00, -1.00, -1.00, -1.00,
2024,42,-1.000, -1.00, -1.00, -1.00, -1.00,
2024,43,-1.000, -1.00, -1.00, -1.00, -1.00,
2024,44,-1.000, -1.00, -1.00, -1.00, -1.00,
2024,45,-1.000, -1.00, -1.00, -1.00, -1.00,
2024,46,-1.000, -1.00, -1.00, -1.00, -1.00,
2024,47,-1.000, -1.00, -1.00, -1.00, -1.00,
2024,48,-1.000, -1.00, -1.00, -1.00, -1.00,
2024,49,-1.000, -1.00, -1.00, -1.00, -1.00,
2024,50,-1.000, -1.00, -1.00, -1.00, -1.00,
2024,51,-1.000, -1.00, -1.00, -1.00, -1.00,
2024,52,-1.000, -1.00, -1.00, -1.00, -1.00,
</pre></tt>